flight_key,flight_id,airline,source,destination,departure_time,arrival_time,duration,duration_minutes,is_overnight
1,SJ010,SpiceJet,CCU,MAA,2026-04-20 23:38:41.701,2026-04-21 02:32:41.701,02:54:00,174,True
2,AI155,Air India,BOM,CCU,2026-04-20 23:35:41.703,2026-04-21 01:23:41.703,01:48:00,108,True
3,UK094,Vistara,BOM,CCU,2026-04-20 23:26:41.702,2026-04-21 01:11:41.702,01:45:00,105,True
4,AI245,Air India,BOM,CCU,2026-04-20 23:07:41.704,2026-04-21 01:43:41.704,02:36:00,156,True
5,AI192,Air India,MAA,BOM,2026-04-20 23:05:41.703,2026-04-21 04:04:41.703,04:59:00,299,True
6,SJ158,SpiceJet,DEL,HYD,2026-04-20 23:05:41.703,2026-04-21 01:24:41.703,02:19:00,139,True
7,6F196,IndiGo,CCU,MAA,2026-04-20 23:04:41.703,2026-04-21 00:47:41.703,01:43:00,103,True
8,AI080,Air India,BOM,HYD,2026-04-20 23:03:41.702,2026-04-21 00:35:41.702,01:32:00,92,True
9,6F025,IndiGo,BLR,BOM,2026-04-20 23:02:41.701,2026-04-20 23:57:41.701,00:55:00,55,False
10,6F251,UNKNOWN,DEL,BLR,2026-04-20 22:56:41.703,2026-04-20 23:37:41.703,00:41:00,41,False
11,AI137,Air India,BOM,DEL,2026-04-20 22:49:41.702,2026-04-21 01:17:41.702,02:28:00,148,True
12,6F026,IndiGo,BOM,CCU,2026-04-20 22:46:42.000,2026-04-21 03:13:42.000,04:27:00,267,True
13,UK167,Vistara,DEL,MAA,2026-04-20 22:45:41.703,2026-04-21 01:46:41.703,03:01:00,181,True
14,UK027,Vistara,BOM,CCU,2026-04-20 22:44:41.701,2026-04-21 01:05:41.701,02:21:00,141,True
15,AI069,UNKNOWN,DEL,BOM,2026-04-20 22:43:41.702,2026-04-21 02:29:41.702,03:46:00,226,True
16,AI058,Air India,BOM,CCU,2026-04-20 22:40:41.701,2026-04-21 00:18:41.701,01:38:00,98,True
17,AI140,Air India,BOM,DEL,2026-04-20 22:25:41.702,2026-04-21 02:08:41.702,03:43:00,223,True
18,SJ239,SpiceJet,BOM,CCU,2026-04-20 22:24:41.704,2026-04-21 00:10:41.704,01:46:00,106,True
19,6F099,IndiGo,MAA,DEL,2026-04-20 22:24:41.702,2026-04-20 22:59:41.702,00:35:00,35,False
20,AI048,Air India,CCU,DEL,2026-04-20 22:23:41.701,2026-04-21 02:15:41.701,03:52:00,232,True
21,SJ112,SpiceJet,HYD,DEL,2026-04-20 22:20:41.702,2026-04-21 00:40:41.702,02:20:00,140,True
22,6F164,IndiGo,BLR,BOM,2026-04-20 22:18:41.703,2026-04-21 00:45:41.703,02:27:00,147,True
23,UK021,Vistara,HYD,MAA,2026-04-20 22:00:41.701,2026-04-20 23:50:41.701,01:50:00,110,False
24,SJ172,SpiceJet,CCU,DEL,2026-04-20 21:58:41.703,2026-04-21 01:14:41.703,03:16:00,196,True
25,AI060,Air India,DEL,HYD,2026-04-20 21:58:41.701,2026-04-20 23:51:41.701,01:53:00,113,False
26,SJ205,SpiceJet,HYD,CCU,2026-04-20 21:56:41.703,2026-04-20 23:00:41.703,01:04:00,64,False
27,SJ093,SpiceJet,BLR,BOM,2026-04-20 21:55:41.702,2026-04-20 23:01:41.702,01:06:00,66,False
28,6F195,IndiGo,CCU,DEL,2026-04-20 21:44:41.703,2026-04-20 22:39:41.703,00:55:00,55,False
29,UK003,UNKNOWN,HYD,DEL,2026-04-20 21:41:41.700,2026-04-21 02:19:41.700,04:38:00,278,True
30,UK026,Vistara,HYD,MAA,2026-04-20 21:38:41.701,2026-04-20 23:44:41.701,02:06:00,126,False
31,6F174,IndiGo,DEL,HYD,2026-04-20 21:36:41.703,2026-04-20 22:16:41.703,00:40:00,40,False
32,UK067,Vistara,BOM,CCU,2026-04-20 21:36:41.701,2026-04-21 01:02:41.701,03:26:00,206,True
33,SJ149,SpiceJet,HYD,MAA,2026-04-20 21:20:41.702,2026-04-20 23:20:42.000,02:00:00.298000,120,False
34,6F213,IndiGo,BLR,BOM,2026-04-20 21:05:41.703,2026-04-21 00:32:41.703,03:27:00,207,True
35,UK200,Vistara,CCU,DEL,2026-04-20 20:54:41.703,2026-04-20 22:45:41.703,01:51:00,111,False
36,SJ214,SpiceJet,BOM,MAA,2026-04-20 20:54:41.703,2026-04-20 22:10:41.703,01:16:00,76,False
37,SJ047,SpiceJet,HYD,BOM,2026-04-20 20:44:41.701,2026-04-20 21:21:41.701,00:37:00,37,False
38,AI179,Air India,HYD,BOM,2026-04-20 20:41:41.703,2026-04-21 01:19:41.703,04:38:00,278,True
39,SJ153,SpiceJet,DEL,CCU,2026-04-20 20:37:41.702,2026-04-20 22:00:41.702,01:23:00,83,False
40,6F236,IndiGo,BOM,DEL,2026-04-20 20:35:41.704,2026-04-20 23:54:41.704,03:19:00,199,False
41,UK059,Vistara,HYD,MAA,2026-04-20 20:33:41.701,2026-04-20 22:10:41.701,01:37:00,97,False
42,SJ001,SpiceJet,BOM,MAA,2026-04-20 20:28:41.700,2026-04-21 01:15:41.700,04:47:00,287,True
43,SJ049,SpiceJet,CCU,DEL,2026-04-20 20:26:41.701,2026-04-21 00:26:41.701,04:00:00,240,True
44,6F086,IndiGo,MAA,HYD,2026-04-20 20:23:41.702,2026-04-20 21:00:41.702,00:37:00,37,False
45,AI220,Air India,BOM,DEL,2026-04-20 20:19:41.703,2026-04-20 21:57:41.703,01:38:00,98,False
46,AI188,Air India,CCU,HYD,2026-04-20 20:16:41.703,2026-04-20 23:02:41.703,02:46:00,166,False
47,6F114,IndiGo,BOM,MAA,2026-04-20 20:10:41.702,2026-04-20 21:00:41.702,00:50:00,50,False
48,SJ179,SpiceJet,DEL,HYD,2026-04-20 20:09:41.703,2026-04-20 23:39:41.703,03:30:00,210,False
49,6F190,IndiGo,DEL,MAA,2026-04-20 20:02:41.703,2026-04-21 00:36:41.703,04:34:00,274,True
50,SJ003,SpiceJet,MAA,CCU,2026-04-20 19:50:41.701,2026-04-20 20:32:41.701,00:42:00,42,False
51,6F028,IndiGo,HYD,CCU,2026-04-20 19:49:41.701,2026-04-20 21:49:41.701,02:00:00,120,False
52,UK036,Vistara,CCU,BLR,2026-04-20 19:48:41.701,2026-04-21 00:12:41.701,04:24:00,264,True
53,SJ160,SpiceJet,MAA,BLR,2026-04-20 19:45:41.703,2026-04-20 20:30:41.703,00:45:00,45,False
54,6F151,IndiGo,CCU,HYD,2026-04-20 19:44:41.703,2026-04-20 22:04:41.703,02:20:00,140,False
55,UK140,Vistara,MAA,BLR,2026-04-20 19:37:41.703,2026-04-20 21:00:41.703,01:23:00,83,False
56,AI115,Air India,MAA,BLR,2026-04-20 19:37:41.702,2026-04-21 00:26:41.702,04:49:00,289,True
57,AI132,Air India,BLR,BOM,2026-04-20 19:32:41.702,2026-04-20 21:41:41.702,02:09:00,129,False
58,UK209,Vistara,MAA,BLR,2026-04-20 19:02:41.704,2026-04-20 21:47:41.704,02:45:00,165,False
59,SJ043,UNKNOWN,MAA,DEL,2026-04-20 18:59:41.701,2026-04-20 21:08:41.701,02:09:00,129,False
60,UK176,Vistara,HYD,BLR,2026-04-20 18:41:41.703,2026-04-20 22:49:41.703,04:08:00,248,False
61,UK216,Vistara,MAA,HYD,2026-04-20 18:33:41.704,2026-04-20 21:47:41.704,03:14:00,194,False
62,UK150,Vistara,DEL,CCU,2026-04-20 18:31:41.703,2026-04-20 19:01:41.703,00:30:00,30,False
63,UK145,Vistara,BOM,HYD,2026-04-20 18:30:41.703,2026-04-20 20:41:41.703,02:11:00,131,False
64,6F270,Indigo,HYD,MAA,2026-04-20 18:14:41.701,2026-04-20 19:02:41.701,00:48:00,48,False
65,6F012,IndiGo,CCU,HYD,2026-04-20 18:06:41.701,2026-04-20 21:31:41.701,03:25:00,205,False
66,SJ236,SpiceJet,MAA,BOM,2026-04-20 18:03:41.704,2026-04-20 22:02:41.704,03:59:00,239,False
67,6F149,IndiGo,BLR,CCU,2026-04-20 17:57:41.703,2026-04-20 20:42:41.703,02:45:00,165,False
68,UK004,Vistara,BOM,CCU,2026-04-20 17:56:41.700,2026-04-20 18:30:41.700,00:34:00,34,False
69,UK010,Vistara,MAA,HYD,2026-04-20 17:53:41.701,2026-04-20 20:40:41.701,02:47:00,167,False
70,UK215,Vistara,BOM,DEL,2026-04-20 17:38:41.704,2026-04-20 19:50:41.704,02:12:00,132,False
71,SJ116,SpiceJet,HYD,CCU,2026-04-20 17:33:41.702,2026-04-20 19:02:41.702,01:29:00,89,False
72,SJ023,SpiceJet,HYD,MAA,2026-04-20 17:27:41.701,2026-04-20 19:09:41.701,01:42:00,102,False
73,UK152,Vistara,BOM,CCU,2026-04-20 17:24:41.703,2026-04-20 20:13:41.703,02:49:00,169,False
74,SJ202,SpiceJet,CCU,HYD,2026-04-20 17:21:41.703,2026-04-20 19:08:41.703,01:47:00,107,False
75,6F043,IndiGo,BOM,HYD,2026-04-20 17:17:41.701,2026-04-20 18:43:41.701,01:26:00,86,False
76,UK173,Vistara,MAA,BLR,2026-04-20 17:06:41.703,2026-04-20 21:22:41.703,04:16:00,256,False
77,SJ081,SpiceJet,BOM,BLR,2026-04-20 17:04:41.702,2026-04-20 18:53:41.702,01:49:00,109,False
78,UK153,Vistara,CCU,HYD,2026-04-20 16:52:41.703,2026-04-20 20:53:41.703,04:01:00,241,False
79,UK187,Vistara,BLR,BOM,2026-04-20 16:52:41.703,2026-04-20 18:42:41.703,01:50:00,110,False
80,UK055,Vistara,HYD,DEL,2026-04-20 16:48:41.701,2026-04-20 19:31:41.701,02:43:00,163,False
81,UK181,Vistara,MAA,DEL,2026-04-20 16:44:41.703,2026-04-20 19:26:41.703,02:42:00,162,False
82,UK074,Vistara,BOM,DEL,2026-04-20 16:44:41.702,2026-04-20 18:41:41.702,01:57:00,117,False
83,SJ068,SpiceJet,BLR,BOM,2026-04-20 16:44:41.701,2026-04-20 18:48:41.701,02:04:00,124,False
84,AI242,UNKNOWN,BLR,CCU,2026-04-20 16:41:41.704,2026-04-20 17:43:41.704,01:02:00,62,False
85,SJ237,SpiceJet,BOM,CCU,2026-04-20 16:32:41.704,2026-04-20 19:00:41.704,02:28:00,148,False
86,6F194,IndiGo,BOM,CCU,2026-04-20 16:29:41.703,2026-04-20 18:27:41.703,01:58:00,118,False
87,UK063,Vistara,DEL,BOM,2026-04-20 16:29:41.701,2026-04-20 17:41:41.701,01:12:00,72,False
88,UK068,Vistara,BLR,MAA,2026-04-20 16:28:41.701,2026-04-20 18:09:41.701,01:41:00,101,False
89,UK224,Vistara,CCU,MAA,2026-04-20 16:25:41.704,2026-04-20 20:24:41.704,03:59:00,239,False
90,UK077,UNKNOWN,HYD,BOM,2026-04-20 16:22:41.702,2026-04-20 18:00:41.702,01:38:00,98,False
91,UK207,Vistara,MAA,CCU,2026-04-20 16:21:41.703,2026-04-20 17:36:41.703,01:15:00,75,False
92,AI221,Air India,MAA,HYD,2026-04-20 16:18:41.703,2026-04-20 18:54:41.703,02:36:00,156,False
93,UK109,Vistara,BLR,BOM,2026-04-20 16:06:41.702,2026-04-20 17:06:42.000,01:00:00.298000,60,False
94,UK089,Vistara,BOM,HYD,2026-04-20 15:38:41.702,2026-04-20 19:50:41.702,04:12:00,252,False
95,AI072,Air India,BLR,CCU,2026-04-20 15:34:41.702,2026-04-20 16:32:41.702,00:58:00,58,False
96,UK131,Vistara,BOM,DEL,2026-04-20 15:33:41.702,2026-04-20 19:39:41.702,04:06:00,246,False
97,SJ150,SpiceJet,BOM,HYD,2026-04-20 15:33:41.702,2026-04-20 19:03:41.702,03:30:00,210,False
98,6F097,IndiGo,BLR,BOM,2026-04-20 15:32:41.702,2026-04-20 16:49:41.702,01:17:00,77,False
99,6F123,IndiGo,DEL,HYD,2026-04-20 15:26:41.702,2026-04-20 17:12:41.702,01:46:00,106,False
100,6F017,IndiGo,CCU,BOM,2026-04-20 15:25:41.701,2026-04-20 18:06:41.701,02:41:00,161,False
101,6F245,IndiGo,CCU,BOM,2026-04-20 15:25:41.701,2026-04-20 18:06:41.701,02:41:00,161,False
102,6F180,IndiGo,MAA,BLR,2026-04-20 15:24:41.703,2026-04-20 19:48:41.703,04:24:00,264,False
103,6F152,IndiGo,CCU,DEL,2026-04-20 15:21:41.703,2026-04-20 17:25:41.703,02:04:00,124,False
104,SJ034,SpiceJet,MAA,BOM,2026-04-20 15:20:41.701,2026-04-20 20:11:41.701,04:51:00,291,False
105,SJ142,SpiceJet,CCU,BOM,2026-04-20 15:14:41.702,2026-04-20 16:56:41.702,01:42:00,102,False
106,UK189,Vistara,BLR,MAA,2026-04-20 15:07:41.703,2026-04-20 18:51:41.703,03:44:00,224,False
107,SJ044,SpiceJet,DEL,CCU,2026-04-20 15:06:41.701,2026-04-20 17:43:41.701,02:37:00,157,False
108,SJ196,SpiceJet,DEL,HYD,2026-04-20 14:58:41.703,2026-04-20 17:44:41.703,02:46:00,166,False
109,6F188,IndiGo,DEL,HYD,2026-04-20 14:57:41.703,2026-04-20 19:39:41.703,04:42:00,282,False
110,6F181,IndiGo,BOM,MAA,2026-04-20 14:55:41.703,2026-04-20 16:43:41.703,01:48:00,108,False
111,6F077,IndiGo,CCU,DEL,2026-04-20 14:55:41.702,2026-04-20 19:13:41.702,04:18:00,258,False
112,SJ154,SpiceJet,BLR,HYD,2026-04-20 14:47:41.702,2026-04-20 16:26:41.702,01:39:00,99,False
113,AI025,Air India,HYD,DEL,2026-04-20 14:46:41.701,2026-04-20 17:11:41.701,02:25:00,145,False
114,AI094,Air India,DEL,BLR,2026-04-20 14:44:41.702,2026-04-20 15:44:42.000,01:00:00.298000,60,False
115,6F191,IndiGo,BLR,DEL,2026-04-20 14:41:41.703,2026-04-20 15:11:41.703,00:30:00,30,False
116,SJ085,SpiceJet,BLR,MAA,2026-04-20 14:41:41.702,2026-04-20 19:11:41.702,04:30:00,270,False
117,6F261,Indigo,CCU,DEL,2026-04-20 14:31:41.703,2026-04-20 17:29:41.703,02:58:00,178,False
118,6F129,IndiGo,DEL,CCU,2026-04-20 14:28:41.702,2026-04-20 16:47:41.702,02:19:00,139,False
119,6F254,Indigo,MAA,BLR,2026-04-20 14:26:41.703,2026-04-20 18:01:41.703,03:35:00,215,False
120,SJ185,SpiceJet,BOM,CCU,2026-04-20 14:21:41.703,2026-04-20 15:21:41.703,01:00:00,60,False
121,6F030,IndiGo,BOM,DEL,2026-04-20 14:20:41.701,2026-04-20 17:10:41.701,02:50:00,170,False
122,SJ222,SpiceJet,BOM,DEL,2026-04-20 14:15:41.703,2026-04-20 17:09:41.703,02:54:00,174,False
123,6F259,Indigo,BOM,DEL,2026-04-20 14:10:41.703,2026-04-20 15:21:41.703,01:11:00,71,False
124,UK083,Vistara,DEL,HYD,2026-04-20 14:10:41.702,2026-04-20 14:59:41.702,00:49:00,49,False
125,6F051,IndiGo,BLR,BOM,2026-04-20 13:58:41.701,2026-04-20 15:58:41.701,02:00:00,120,False
126,SJ088,SpiceJet,CCU,MAA,2026-04-20 13:54:41.702,2026-04-20 14:26:41.702,00:32:00,32,False
127,6F146,IndiGo,HYD,MAA,2026-04-20 13:51:41.703,2026-04-20 15:07:41.703,01:16:00,76,False
128,6F047,IndiGo,MAA,DEL,2026-04-20 13:50:41.701,2026-04-20 15:55:41.701,02:05:00,125,False
129,AI077,Air India,CCU,HYD,2026-04-20 13:45:41.702,2026-04-20 14:51:41.702,01:06:00,66,False
130,UK134,Vistara,HYD,CCU,2026-04-20 13:44:41.702,2026-04-20 17:26:41.702,03:42:00,222,False
131,AI056,Air India,DEL,MAA,2026-04-20 13:44:41.701,2026-04-20 17:39:41.701,03:55:00,235,False
132,UK141,Vistara,HYD,MAA,2026-04-20 13:38:41.703,2026-04-20 15:59:41.703,02:21:00,141,False
133,AI030,Air India,CCU,HYD,2026-04-20 13:33:41.701,2026-04-20 16:52:41.701,03:19:00,199,False
134,AI029,Air India,MAA,DEL,2026-04-20 13:29:41.701,2026-04-20 17:53:41.701,04:24:00,264,False
135,SJ167,SpiceJet,MAA,CCU,2026-04-20 13:18:41.703,2026-04-20 14:12:41.703,00:54:00,54,False
136,UK017,Vistara,BLR,HYD,2026-04-20 13:14:41.701,2026-04-20 14:49:41.701,01:35:00,95,False
137,6F229,IndiGo,MAA,DEL,2026-04-20 13:10:41.704,2026-04-20 14:30:41.704,01:20:00,80,False
138,SJ117,SpiceJet,MAA,BLR,2026-04-20 13:10:41.702,2026-04-20 17:06:41.702,03:56:00,236,False
139,6F184,IndiGo,MAA,BOM,2026-04-20 13:05:41.703,2026-04-20 16:04:41.703,02:59:00,179,False
140,AI031,Air India,DEL,MAA,2026-04-20 13:05:41.701,2026-04-20 16:11:41.701,03:06:00,186,False
141,AI178,Air India,CCU,BLR,2026-04-20 13:04:41.703,2026-04-20 14:03:41.703,00:59:00,59,False
142,SJ089,SpiceJet,HYD,CCU,2026-04-20 12:42:41.702,2026-04-20 17:15:41.702,04:33:00,273,False
143,UK166,Vistara,HYD,MAA,2026-04-20 12:39:41.703,2026-04-20 17:32:41.703,04:53:00,293,False
144,UK104,Vistara,DEL,BOM,2026-04-20 12:30:41.702,2026-04-20 13:52:41.702,01:22:00,82,False
145,6F168,IndiGo,HYD,DEL,2026-04-20 12:18:41.703,2026-04-20 15:58:41.703,03:40:00,220,False
146,AI222,UNKNOWN,BOM,DEL,2026-04-20 12:10:41.703,2026-04-20 13:14:41.703,01:04:00,64,False
147,SJ025,SpiceJet,BOM,CCU,2026-04-20 12:02:41.701,2026-04-20 15:29:41.701,03:27:00,207,False
148,6F255,Indigo,DEL,BOM,2026-04-20 11:59:41.703,2026-04-20 15:33:41.703,03:34:00,214,False
149,UK228,Vistara,DEL,MAA,2026-04-20 11:58:41.704,2026-04-20 15:08:41.704,03:10:00,190,False
150,6F158,IndiGo,CCU,MAA,2026-04-20 11:58:41.703,2026-04-20 16:04:41.703,04:06:00,246,False
151,SJ218,SpiceJet,DEL,HYD,2026-04-20 11:58:41.703,2026-04-20 15:03:41.703,03:05:00,185,False
152,6F034,IndiGo,BOM,DEL,2026-04-20 11:53:41.701,2026-04-20 12:49:41.701,00:56:00,56,False
153,UK156,Vistara,MAA,BLR,2026-04-20 11:50:41.703,2026-04-20 15:54:41.703,04:04:00,244,False
154,6F105,IndiGo,BLR,BOM,2026-04-20 11:46:41.702,2026-04-20 12:58:41.702,01:12:00,72,False
155,6F073,IndiGo,DEL,CCU,2026-04-20 11:38:41.702,2026-04-20 15:18:41.702,03:40:00,220,False
156,SJ074,SpiceJet,DEL,CCU,2026-04-20 11:21:41.701,2026-04-20 12:02:41.701,00:41:00,41,False
157,6F234,IndiGo,BOM,DEL,2026-04-20 11:20:41.704,2026-04-20 14:11:41.704,02:51:00,171,False
158,6F068,IndiGo,BLR,HYD,2026-04-20 11:17:41.701,2026-04-20 15:06:41.701,03:49:00,229,False
159,6F074,IndiGo,HYD,BOM,2026-04-20 11:09:41.702,2026-04-20 14:29:41.702,03:20:00,200,False
160,AI038,Air India,HYD,MAA,2026-04-20 11:05:41.701,2026-04-20 15:44:41.701,04:39:00,279,False
161,AI079,Air India,CCU,BLR,2026-04-20 11:04:41.702,2026-04-20 13:19:41.702,02:15:00,135,False
162,SJ018,SpiceJet,BOM,CCU,2026-04-20 10:58:41.701,2026-04-20 13:31:41.701,02:33:00,153,False
163,6F018,IndiGo,DEL,BLR,2026-04-20 10:57:41.701,2026-04-20 11:43:41.701,00:46:00,46,False
164,AI091,Air India,CCU,MAA,2026-04-20 10:52:41.702,2026-04-20 15:15:41.702,04:23:00,263,False
165,UK071,Vistara,DEL,HYD,2026-04-20 10:50:41.701,2026-04-20 14:06:41.701,03:16:00,196,False
166,AI019,Air India,BOM,CCU,2026-04-20 10:49:41.701,2026-04-20 11:51:41.701,01:02:00,62,False
167,UK212,Vistara,HYD,MAA,2026-04-20 10:46:41.704,2026-04-20 11:31:41.704,00:45:00,45,False
168,AI146,Air India,BLR,DEL,2026-04-20 10:40:41.702,2026-04-20 13:46:41.702,03:06:00,186,False
169,6F232,IndiGo,MAA,BLR,2026-04-20 10:39:41.704,2026-04-20 12:22:41.704,01:43:00,103,False
170,6F084,IndiGo,CCU,HYD,2026-04-20 10:34:41.702,2026-04-20 11:34:42.000,01:00:00.298000,60,False
171,AI129,Air India,BOM,CCU,2026-04-20 10:29:41.702,2026-04-20 13:38:41.702,03:09:00,189,False
172,AI240,Air India,MAA,DEL,2026-04-20 10:19:41.704,2026-04-20 12:46:41.704,02:27:00,147,False
173,6F091,IndiGo,BLR,CCU,2026-04-20 10:10:41.702,2026-04-20 11:36:41.702,01:26:00,86,False
174,UK133,Vistara,BOM,DEL,2026-04-20 10:04:41.702,2026-04-20 13:16:41.702,03:12:00,192,False
175,SJ007,SpiceJet,BOM,CCU,2026-04-20 10:03:41.701,2026-04-20 14:53:41.701,04:50:00,290,False
176,SJ141,SpiceJet,CCU,DEL,2026-04-20 10:00:41.702,2026-04-20 13:37:41.702,03:37:00,217,False
177,6F049,IndiGo,HYD,DEL,2026-04-20 10:00:41.701,2026-04-20 13:13:41.701,03:13:00,193,False
178,SJ235,SpiceJet,BOM,DEL,2026-04-20 09:57:41.704,2026-04-20 13:45:41.704,03:48:00,228,False
179,UK087,Vistara,HYD,MAA,2026-04-20 09:49:41.702,2026-04-20 13:17:41.702,03:28:00,208,False
180,UK170,Vistara,BOM,BLR,2026-04-20 09:42:41.703,2026-04-20 11:32:41.703,01:50:00,110,False
181,SJ078,SpiceJet,DEL,HYD,2026-04-20 09:41:41.701,2026-04-20 12:49:41.701,03:08:00,188,False
182,SJ075,SpiceJet,MAA,BLR,2026-04-20 09:26:41.701,2026-04-20 11:03:41.701,01:37:00,97,False
183,AI159,Air India,HYD,BLR,2026-04-20 09:23:41.703,2026-04-20 11:36:41.703,02:13:00,133,False
184,UK120,Vistara,HYD,DEL,2026-04-20 09:19:41.702,2026-04-20 13:30:41.702,04:11:00,251,False
185,AI059,Air India,CCU,DEL,2026-04-20 09:16:41.701,2026-04-20 11:43:41.701,02:27:00,147,False
186,UK040,Vistara,HYD,CCU,2026-04-20 09:15:41.701,2026-04-20 10:32:41.701,01:17:00,77,False
187,AI044,UNKNOWN,MAA,BLR,2026-04-20 09:03:41.701,2026-04-20 12:36:41.701,03:33:00,213,False
188,AI078,Air India,DEL,BOM,2026-04-20 08:58:41.702,2026-04-20 13:28:41.702,04:30:00,270,False
189,SJ226,SpiceJet,HYD,BOM,2026-04-20 08:47:41.704,2026-04-20 12:54:41.704,04:07:00,247,False
190,6F209,IndiGo,MAA,CCU,2026-04-20 08:40:41.703,2026-04-20 13:40:41.703,05:00:00,300,False
191,UK193,Vistara,HYD,DEL,2026-04-20 08:39:41.703,2026-04-20 09:14:41.703,00:35:00,35,False
192,6F092,IndiGo,MAA,BLR,2026-04-20 08:39:41.702,2026-04-20 09:15:41.702,00:36:00,36,False
193,AI208,Air India,BLR,BOM,2026-04-20 08:38:41.703,2026-04-20 11:52:41.703,03:14:00,194,False
194,SJ227,SpiceJet,BOM,CCU,2026-04-20 08:32:41.704,2026-04-20 12:53:41.704,04:21:00,261,False
195,6F238,IndiGo,BOM,DEL,2026-04-20 08:31:41.704,2026-04-20 09:19:41.704,00:48:00,48,False
196,AI084,Air India,BOM,HYD,2026-04-20 08:31:41.702,2026-04-20 09:46:41.702,01:15:00,75,False
197,SJ228,SpiceJet,BOM,CCU,2026-04-20 08:29:41.704,2026-04-20 12:16:41.704,03:47:00,227,False
198,UK194,Vistara,CCU,BOM,2026-04-20 08:26:41.703,2026-04-20 09:26:42.000,01:00:00.297000,60,False
199,6F126,IndiGo,CCU,MAA,2026-04-20 08:21:41.702,2026-04-20 09:39:41.702,01:18:00,78,False
200,SJ052,SpiceJet,MAA,BLR,2026-04-20 08:20:41.701,2026-04-20 09:57:41.701,01:37:00,97,False
201,AI233,Air India,BLR,BOM,2026-04-20 08:04:41.704,2026-04-20 09:52:41.704,01:48:00,108,False
202,AI213,Air India,HYD,CCU,2026-04-20 08:03:41.703,2026-04-20 09:14:41.703,01:11:00,71,False
203,UK076,Vistara,MAA,CCU,2026-04-20 08:03:41.702,2026-04-20 12:26:41.702,04:23:00,263,False
204,SJ022,SpiceJet,DEL,BLR,2026-04-20 07:56:41.701,2026-04-20 11:07:41.701,03:11:00,191,False
205,SJ002,SpiceJet,DEL,BOM,2026-04-20 07:54:41.701,2026-04-20 12:40:41.701,04:46:00,286,False
206,AI163,Air India,HYD,MAA,2026-04-20 07:45:41.703,2026-04-20 08:46:41.703,01:01:00,61,False
207,UK229,UNKNOWN,HYD,DEL,2026-04-20 07:40:41.704,2026-04-20 11:57:41.704,04:17:00,257,False
208,UK185,Vistara,DEL,MAA,2026-04-20 07:31:41.703,2026-04-20 08:48:41.703,01:17:00,77,False
209,6F029,IndiGo,BOM,BLR,2026-04-20 07:31:41.701,2026-04-20 11:45:41.701,04:14:00,254,False
210,6F056,IndiGo,BOM,MAA,2026-04-20 07:00:41.701,2026-04-20 08:49:41.701,01:49:00,109,False
211,AI062,Air India,MAA,DEL,2026-04-20 06:49:41.701,2026-04-20 07:25:41.701,00:36:00,36,False
212,UK034,Vistara,DEL,BLR,2026-04-20 06:47:41.701,2026-04-20 10:11:41.701,03:24:00,204,False
213,UK079,Vistara,DEL,BLR,2026-04-20 06:43:41.702,2026-04-20 10:34:41.702,03:51:00,231,False
214,AI135,Air India,BLR,BOM,2026-04-20 06:40:41.702,2026-04-20 09:21:41.702,02:41:00,161,False
215,SJ061,SpiceJet,MAA,BLR,2026-04-20 06:38:41.701,2026-04-20 09:35:41.701,02:57:00,177,False
216,AI047,Air India,CCU,MAA,2026-04-20 06:36:41.701,2026-04-20 07:23:41.701,00:47:00,47,False
217,UK210,Vistara,DEL,CCU,2026-04-20 06:35:41.704,2026-04-20 07:30:41.704,00:55:00,55,False
218,AI088,UNKNOWN,MAA,DEL,2026-04-20 06:34:41.702,2026-04-20 10:10:41.702,03:36:00,216,False
219,UK177,Vistara,DEL,HYD,2026-04-20 06:21:41.703,2026-04-20 10:50:41.703,04:29:00,269,False
220,AI128,Air India,BOM,CCU,2026-04-20 06:07:41.702,2026-04-20 10:03:41.702,03:56:00,236,False
221,AI158,Air India,CCU,DEL,2026-04-20 06:04:41.703,2026-04-20 09:01:41.703,02:57:00,177,False
222,UK206,Vistara,MAA,BLR,2026-04-20 06:01:41.703,2026-04-20 10:34:41.703,04:33:00,273,False
223,SJ138,SpiceJet,BLR,BOM,2026-04-20 05:55:41.702,2026-04-20 06:43:41.702,00:48:00,48,False
224,AI034,Air India,DEL,BOM,2026-04-20 05:48:41.701,2026-04-20 10:31:41.701,04:43:00,283,False
225,AI012,Air India,BOM,CCU,2026-04-20 05:44:41.701,2026-04-20 09:47:41.701,04:03:00,243,False
226,6F083,IndiGo,BLR,DEL,2026-04-20 05:24:41.702,2026-04-20 06:03:41.702,00:39:00,39,False
227,SJ083,SpiceJet,MAA,BLR,2026-04-20 05:13:41.702,2026-04-20 08:17:41.702,03:04:00,184,False
228,SJ186,SpiceJet,CCU,DEL,2026-04-20 05:11:41.703,2026-04-20 07:22:41.703,02:11:00,131,False
229,UK001,Vistara,CCU,DEL,2026-04-20 05:06:41.700,2026-04-20 06:31:41.700,01:25:00,85,False
230,AI217,Air India,CCU,BLR,2026-04-20 04:57:41.703,2026-04-20 07:14:41.703,02:17:00,137,False
231,6F178,IndiGo,BOM,CCU,2026-04-20 04:48:41.703,2026-04-20 09:11:41.703,04:23:00,263,False
232,UK015,Vistara,BLR,BOM,2026-04-20 04:46:41.701,2026-04-20 06:33:41.701,01:47:00,107,False
233,AI112,Air India,DEL,BLR,2026-04-20 04:41:41.702,2026-04-20 08:24:41.702,03:43:00,223,False
234,UK100,Vistara,CCU,BLR,2026-04-20 04:40:41.702,2026-04-20 07:12:41.702,02:32:00,152,False
235,6F133,IndiGo,MAA,BLR,2026-04-20 04:38:41.702,2026-04-20 06:25:41.702,01:47:00,107,False
236,AI227,Air India,BLR,MAA,2026-04-20 04:31:41.703,2026-04-20 08:17:41.703,03:46:00,226,False
237,UK093,Vistara,HYD,CCU,2026-04-20 04:31:41.702,2026-04-20 05:21:41.702,00:50:00,50,False
238,UK203,Vistara,BLR,HYD,2026-04-20 04:12:41.703,2026-04-20 05:24:41.703,01:12:00,72,False
239,UK154,Vistara,MAA,HYD,2026-04-20 04:00:41.703,2026-04-20 07:57:41.703,03:57:00,237,False
240,UK073,Vistara,BLR,CCU,2026-04-20 03:59:41.702,2026-04-20 08:09:41.702,04:10:00,250,False
241,AI164,Air India,DEL,BLR,2026-04-20 03:57:41.703,2026-04-20 05:45:41.703,01:48:00,108,False
242,UK008,Vistara,CCU,BLR,2026-04-20 03:57:41.701,2026-04-20 04:34:41.701,00:37:00,37,False
243,UK051,Vistara,HYD,DEL,2026-04-20 03:55:41.701,2026-04-20 06:55:41.701,03:00:00,180,False
244,UK208,Vistara,DEL,CCU,2026-04-20 03:54:41.704,2026-04-20 08:51:41.704,04:57:00,297,False
245,AI150,Air India,BOM,DEL,2026-04-20 03:51:41.703,2026-04-20 04:38:41.703,00:47:00,47,False
246,AI189,Air India,CCU,DEL,2026-04-20 03:44:41.703,2026-04-20 05:32:41.703,01:48:00,108,False
247,6F230,IndiGo,CCU,BLR,2026-04-20 03:34:41.704,2026-04-20 06:47:41.704,03:13:00,193,False
248,6F169,IndiGo,BOM,DEL,2026-04-20 03:27:41.703,2026-04-20 08:06:41.703,04:39:00,279,False
249,AI205,Air India,BLR,BOM,2026-04-20 03:26:41.703,2026-04-20 05:14:41.703,01:48:00,108,False
250,AI103,Air India,BLR,BOM,2026-04-20 03:26:41.702,2026-04-20 04:04:41.702,00:38:00,38,False
251,6F250,UNKNOWN,DEL,BLR,2026-04-20 03:26:41.701,2026-04-20 07:30:41.701,04:04:00,244,False
252,AI246,Air India,BOM,BLR,2026-04-20 03:22:41.704,2026-04-20 06:41:41.704,03:19:00,199,False
253,6F187,IndiGo,BOM,MAA,2026-04-20 03:19:41.703,2026-04-20 07:37:41.703,04:18:00,258,False
254,AI082,Air India,DEL,CCU,2026-04-20 03:19:41.702,2026-04-20 06:01:41.702,02:42:00,162,False
255,UK116,Vistara,CCU,BOM,2026-04-20 03:18:41.702,2026-04-20 07:06:41.702,03:48:00,228,False
256,SJ169,SpiceJet,BOM,MAA,2026-04-20 03:10:41.703,2026-04-20 07:56:41.703,04:46:00,286,False
257,AI175,Air India,BOM,HYD,2026-04-20 03:08:41.703,2026-04-20 06:55:41.703,03:47:00,227,False
258,SJ098,SpiceJet,HYD,MAA,2026-04-20 03:02:41.702,2026-04-20 03:37:41.702,00:35:00,35,False
259,SJ191,SpiceJet,BLR,BOM,2026-04-20 03:01:41.703,2026-04-20 04:23:41.703,01:22:00,82,False
260,SJ017,SpiceJet,DEL,MAA,2026-04-20 02:57:41.701,2026-04-20 05:00:41.701,02:03:00,123,False
261,UK188,Vistara,MAA,BLR,2026-04-20 02:55:41.703,2026-04-20 03:44:41.703,00:49:00,49,False
262,AI196,Air India,MAA,HYD,2026-04-20 02:52:41.703,2026-04-20 04:25:41.703,01:33:00,93,False
263,AI068,Air India,BOM,BLR,2026-04-20 02:48:41.702,2026-04-20 04:48:42.000,02:00:00.298000,120,False
264,SJ097,SpiceJet,BOM,CCU,2026-04-20 02:37:41.702,2026-04-20 05:27:41.702,02:50:00,170,False
265,SJ030,SpiceJet,DEL,HYD,2026-04-20 02:36:41.701,2026-04-20 03:19:41.701,00:43:00,43,False
266,6F179,IndiGo,HYD,MAA,2026-04-20 02:25:41.703,2026-04-20 06:40:41.703,04:15:00,255,False
267,6F156,IndiGo,MAA,BOM,2026-04-20 02:23:41.703,2026-04-20 04:57:41.703,02:34:00,154,False
268,6F250,UNKNOWN,CCU,BLR,2026-04-20 02:23:41.702,2026-04-20 02:56:41.702,00:33:00,33,False
269,SJ057,SpiceJet,BOM,CCU,2026-04-20 02:17:41.701,2026-04-20 05:29:41.701,03:12:00,192,False
270,6F036,IndiGo,CCU,BLR,2026-04-20 02:14:41.701,2026-04-20 06:57:41.701,04:43:00,283,False
271,6F201,IndiGo,CCU,BOM,2026-04-20 02:09:41.703,2026-04-20 06:49:41.703,04:40:00,280,False
272,6F143,IndiGo,CCU,DEL,2026-04-20 02:09:41.702,2026-04-20 06:08:41.702,03:59:00,239,False
273,6F177,IndiGo,HYD,MAA,2026-04-20 02:03:41.703,2026-04-20 04:25:41.703,02:22:00,142,False
274,6F031,IndiGo,BOM,BLR,2026-04-20 02:00:41.701,2026-04-20 06:37:41.701,04:37:00,277,False
275,UK165,Vistara,DEL,BLR,2026-04-20 01:51:41.703,2026-04-20 06:04:41.703,04:13:00,253,False
276,6F122,IndiGo,DEL,BLR,2026-04-20 01:44:41.702,2026-04-20 05:28:41.702,03:44:00,224,False
277,AI009,Air India,DEL,CCU,2026-04-20 01:31:41.701,2026-04-20 04:05:41.701,02:34:00,154,False
278,6F046,IndiGo,DEL,BLR,2026-04-20 01:27:41.701,2026-04-20 05:08:41.701,03:41:00,221,False
279,AI051,Air India,MAA,BLR,2026-04-20 01:27:41.701,2026-04-20 02:22:41.701,00:55:00,55,False
280,UK222,Vistara,BOM,CCU,2026-04-20 01:22:41.704,2026-04-20 02:57:41.704,01:35:00,95,False
281,SJ127,SpiceJet,BOM,DEL,2026-04-20 01:21:41.702,2026-04-20 03:58:41.702,02:37:00,157,False
282,AI226,Air India,BLR,HYD,2026-04-20 01:19:41.703,2026-04-20 04:08:41.703,02:49:00,169,False
283,AI216,Air India,BOM,CCU,2026-04-20 01:10:41.703,2026-04-20 02:34:41.703,01:24:00,84,False
284,6F058,IndiGo,BOM,CCU,2026-04-20 01:04:41.701,2026-04-20 03:33:41.701,02:29:00,149,False
285,SJ207,SpiceJet,DEL,CCU,2026-04-20 00:52:41.703,2026-04-20 04:05:41.703,03:13:00,193,False
286,SJ198,SpiceJet,CCU,BOM,2026-04-20 00:47:41.703,2026-04-20 05:28:41.703,04:41:00,281,False
287,SJ108,SpiceJet,BLR,HYD,2026-04-20 00:40:41.702,2026-04-20 03:16:41.702,02:36:00,156,False
288,SJ155,SpiceJet,DEL,CCU,2026-04-20 00:38:41.702,2026-04-20 05:38:41.702,05:00:00,300,False
289,6F193,IndiGo,BOM,MAA,2026-04-20 00:34:41.703,2026-04-20 02:32:41.703,01:58:00,118,False
290,6F019,IndiGo,BLR,BOM,2026-04-20 00:19:41.701,2026-04-20 04:14:41.701,03:55:00,235,False
291,AI102,Air India,CCU,BLR,2026-04-20 00:17:41.702,2026-04-20 05:08:41.702,04:51:00,291,False
292,6F166,IndiGo,BOM,CCU,2026-04-20 00:03:41.703,2026-04-20 04:33:41.703,04:30:00,270,False
293,UK175,Vistara,BLR,BOM,2026-04-19 23:56:41.703,2026-04-20 03:18:41.703,03:22:00,202,True
294,6F010,IndiGo,DEL,BLR,2026-04-19 23:53:41.701,2026-04-20 03:44:41.701,03:51:00,231,True
295,AI234,Air India,BOM,MAA,2026-04-19 23:50:41.704,2026-04-20 01:34:41.704,01:44:00,104,True
296,UK135,Vistara,HYD,DEL,2026-04-19 23:50:41.702,2026-04-20 01:43:41.702,01:53:00,113,True
297,6F272,Indigo,HYD,MAA,2026-04-19 23:35:41.702,2026-04-20 00:22:41.702,00:47:00,47,True
298,AI061,Air India,BOM,CCU,2026-04-19 23:31:41.701,2026-04-20 01:02:41.701,01:31:00,91,True
299,6F070,IndiGo,HYD,DEL,2026-04-19 23:23:41.701,2026-04-20 02:24:41.701,03:01:00,181,True
300,AI015,Air India,BLR,CCU,2026-04-19 23:21:41.701,2026-04-20 01:15:41.701,01:54:00,114,True
301,SJ076,SpiceJet,DEL,MAA,2026-04-19 23:01:41.701,2026-04-20 02:02:41.701,03:01:00,181,True
302,SJ029,UNKNOWN,HYD,DEL,2026-04-19 22:55:41.701,2026-04-20 00:22:41.701,01:27:00,87,True
303,SJ194,SpiceJet,CCU,DEL,2026-04-19 22:46:41.703,2026-04-20 02:31:41.703,03:45:00,225,True
304,AI235,Air India,BLR,HYD,2026-04-19 22:45:41.704,2026-04-20 02:12:41.704,03:27:00,207,True
305,SJ048,SpiceJet,MAA,BLR,2026-04-19 22:43:41.701,2026-04-20 00:19:41.701,01:36:00,96,True
306,SJ114,SpiceJet,HYD,DEL,2026-04-19 22:42:41.702,2026-04-20 02:02:41.702,03:20:00,200,True
307,SJ146,SpiceJet,HYD,BLR,2026-04-19 22:37:41.702,2026-04-20 00:33:41.702,01:56:00,116,True
308,UK041,Vistara,HYD,MAA,2026-04-19 22:37:41.701,2026-04-19 23:44:41.701,01:07:00,67,False
309,6F075,IndiGo,BOM,CCU,2026-04-19 22:20:41.702,2026-04-20 03:02:41.702,04:42:00,282,True
310,SJ020,SpiceJet,BLR,BOM,2026-04-19 22:18:41.701,2026-04-20 02:27:41.701,04:09:00,249,True
311,SJ099,SpiceJet,MAA,BLR,2026-04-19 22:14:41.702,2026-04-20 00:34:41.702,02:20:00,140,True
312,6F078,IndiGo,BOM,CCU,2026-04-19 22:04:41.702,2026-04-19 23:37:41.702,01:33:00,93,False
313,UK219,Vistara,BOM,HYD,2026-04-19 22:03:41.704,2026-04-20 02:21:41.704,04:18:00,258,True
314,UK223,Vistara,CCU,DEL,2026-04-19 21:58:41.704,2026-04-19 22:30:41.704,00:32:00,32,False
315,UK227,Vistara,BOM,HYD,2026-04-19 21:57:41.704,2026-04-20 01:47:41.704,03:50:00,230,True
316,6F260,Indigo,CCU,DEL,2026-04-19 21:51:41.702,2026-04-20 01:14:41.702,03:23:00,203,True
317,AI096,Air India,CCU,DEL,2026-04-19 21:48:41.702,2026-04-20 02:46:41.702,04:58:00,298,True
318,6F022,IndiGo,MAA,BLR,2026-04-19 21:46:41.701,2026-04-20 02:05:41.701,04:19:00,259,True
319,6F237,IndiGo,HYD,MAA,2026-04-19 21:41:41.704,2026-04-20 00:44:41.704,03:03:00,183,True
320,UK146,Vistara,BOM,MAA,2026-04-19 21:40:41.703,2026-04-20 00:08:41.703,02:28:00,148,True
321,SJ015,SpiceJet,BOM,CCU,2026-04-19 21:40:41.701,2026-04-19 22:52:41.701,01:12:00,72,False
322,AI108,Air India,BLR,CCU,2026-04-19 21:32:41.702,2026-04-20 00:17:41.702,02:45:00,165,True
323,UK020,Vistara,MAA,BLR,2026-04-19 21:23:41.701,2026-04-19 22:38:41.701,01:15:00,75,False
324,6F113,IndiGo,BOM,CCU,2026-04-19 21:04:41.702,2026-04-20 01:30:41.702,04:26:00,266,True
325,6F112,IndiGo,HYD,DEL,2026-04-19 21:00:41.702,2026-04-19 23:16:41.702,02:16:00,136,False
326,6F246,IndiGo,HYD,DEL,2026-04-19 21:00:41.702,2026-04-19 23:16:41.702,02:16:00,136,False
327,UK158,Vistara,BOM,MAA,2026-04-19 20:49:41.703,2026-04-19 21:22:41.703,00:33:00,33,False
328,UK159,Vistara,CCU,BLR,2026-04-19 20:45:41.703,2026-04-19 23:32:41.703,02:47:00,167,False
329,UK084,Vistara,MAA,DEL,2026-04-19 20:44:41.702,2026-04-20 00:20:41.702,03:36:00,216,True
330,SJ206,SpiceJet,DEL,CCU,2026-04-19 20:43:41.703,2026-04-20 01:21:41.703,04:38:00,278,True
331,UK044,Vistara,BLR,BOM,2026-04-19 20:31:41.701,2026-04-19 23:29:41.701,02:58:00,178,False
332,SJ036,SpiceJet,DEL,HYD,2026-04-19 20:24:41.701,2026-04-19 23:54:41.701,03:30:00,210,False
333,6F176,IndiGo,CCU,DEL,2026-04-19 20:23:42.000,2026-04-19 23:23:42.000,03:00:00,180,False
334,6F148,IndiGo,CCU,BOM,2026-04-19 20:23:41.703,2026-04-19 22:30:41.703,02:07:00,127,False
335,6F202,IndiGo,HYD,BLR,2026-04-19 20:18:41.703,2026-04-19 23:48:41.703,03:30:00,210,False
336,6F071,IndiGo,DEL,CCU,2026-04-19 20:18:41.702,2026-04-20 00:31:41.702,04:13:00,253,True
337,AI105,Air India,CCU,DEL,2026-04-19 20:16:41.702,2026-04-19 22:03:41.702,01:47:00,107,False
338,AI241,Air India,HYD,BLR,2026-04-19 20:11:41.704,2026-04-19 22:18:41.704,02:07:00,127,False
339,SJ162,SpiceJet,DEL,HYD,2026-04-19 20:11:41.703,2026-04-19 22:30:41.703,02:19:00,139,False
340,6F003,IndiGo,HYD,BOM,2026-04-19 20:06:41.700,2026-04-19 23:13:41.700,03:07:00,187,False
341,6F249,IndiGo,HYD,BOM,2026-04-19 20:06:41.700,2026-04-19 23:13:41.700,03:07:00,187,False
342,AI237,Air India,BOM,CCU,2026-04-19 19:58:41.704,2026-04-19 23:13:41.704,03:15:00,195,False
343,SJ134,SpiceJet,BOM,CCU,2026-04-19 19:58:41.702,2026-04-20 00:15:41.702,04:17:00,257,True
344,AI071,Air India,BOM,MAA,2026-04-19 19:55:41.702,2026-04-19 22:58:41.702,03:03:00,183,False
345,6F118,IndiGo,CCU,HYD,2026-04-19 19:52:41.702,2026-04-19 21:01:41.702,01:09:00,69,False
346,6F014,IndiGo,DEL,MAA,2026-04-19 19:42:41.701,2026-04-19 23:15:41.701,03:33:00,213,False
347,6F065,IndiGo,MAA,BLR,2026-04-19 19:40:41.701,2026-04-19 22:23:41.701,02:43:00,163,False
348,6F271,Indigo,HYD,MAA,2026-04-19 19:33:41.702,2026-04-19 22:52:41.702,03:19:00,199,False
349,SJ070,SpiceJet,MAA,CCU,2026-04-19 18:55:41.701,2026-04-19 20:48:41.701,01:53:00,113,False
350,6F007,IndiGo,HYD,MAA,2026-04-19 18:55:41.701,2026-04-19 19:54:41.701,00:59:00,59,False
351,UK007,Vistara,DEL,HYD,2026-04-19 18:50:41.701,2026-04-19 21:04:41.701,02:14:00,134,False
352,SJ192,SpiceJet,HYD,BOM,2026-04-19 18:45:42.000,2026-04-18 23:45:42.000,1899-12-29 05:00:00,,False
353,AI097,Air India,HYD,MAA,2026-04-19 18:42:41.702,2026-04-19 23:34:41.702,04:52:00,292,False
354,6F256,Indigo,BOM,CCU,2026-04-19 18:40:41.702,2026-04-19 19:13:41.702,00:33:00,33,False
355,UK047,Vistara,BLR,HYD,2026-04-19 18:40:41.701,2026-04-19 22:45:41.701,04:05:00,245,False
356,AI024,Air India,MAA,BOM,2026-04-19 18:38:41.701,2026-04-19 19:45:41.701,01:07:00,67,False
357,UK113,Vistara,CCU,DEL,2026-04-19 18:34:41.702,2026-04-19 22:58:41.702,04:24:00,264,False
358,SJ163,SpiceJet,DEL,HYD,2026-04-19 18:32:41.703,2026-04-19 23:08:41.703,04:36:00,276,False
359,SJ208,SpiceJet,DEL,HYD,2026-04-19 18:32:41.703,2026-04-19 19:33:41.703,01:01:00,61,False
360,SJ221,SpiceJet,MAA,HYD,2026-04-19 18:31:41.703,2026-04-19 23:17:41.703,04:46:00,286,False
361,SJ084,SpiceJet,HYD,MAA,2026-04-19 18:31:41.702,2026-04-19 19:30:41.702,00:59:00,59,False
362,6F127,IndiGo,HYD,BOM,2026-04-19 18:27:41.702,2026-04-19 22:28:41.702,04:01:00,241,False
363,AI122,Air India,BOM,CCU,2026-04-19 18:25:41.702,2026-04-19 22:36:41.702,04:11:00,251,False
364,AI139,Air India,HYD,MAA,2026-04-19 18:23:41.702,2026-04-19 19:24:41.702,01:01:00,61,False
365,UK149,Vistara,MAA,DEL,2026-04-19 18:22:41.703,2026-04-19 23:08:41.703,04:46:00,286,False
366,AI149,Air India,BOM,HYD,2026-04-19 18:19:41.703,2026-04-19 21:36:41.703,03:17:00,197,False
367,SJ243,SpiceJet,BLR,DEL,2026-04-19 18:17:41.704,2026-04-19 23:03:41.704,04:46:00,286,False
368,AI053,Air India,CCU,DEL,2026-04-19 18:04:41.701,2026-04-19 22:19:41.701,04:15:00,255,False
369,UK061,Vistara,BLR,BOM,2026-04-19 17:58:41.701,2026-04-19 19:48:41.701,01:50:00,110,False
370,SJ004,SpiceJet,MAA,DEL,2026-04-19 17:52:41.701,2026-04-19 21:01:41.701,03:09:00,189,False
371,AI173,Air India,HYD,DEL,2026-04-19 17:36:41.703,2026-04-19 22:27:41.703,04:51:00,291,False
372,6F085,IndiGo,HYD,MAA,2026-04-19 17:32:41.702,2026-04-19 19:32:42.000,02:00:00.298000,120,False
373,AI252,Air India,HYD,DEL,2026-04-19 17:30:41.704,2026-04-19 21:54:41.704,04:24:00,264,False
374,SJ109,SpiceJet,BOM,DEL,2026-04-19 17:24:41.702,2026-04-19 20:28:41.702,03:04:00,184,False
375,UK123,Vistara,BOM,DEL,2026-04-19 17:24:41.702,2026-04-19 20:18:41.702,02:54:00,174,False
376,6F125,IndiGo,BOM,CCU,2026-04-19 17:09:41.702,2026-04-19 21:13:41.702,04:04:00,244,False
377,UK183,Vistara,BLR,CCU,2026-04-19 17:07:41.703,2026-04-19 18:30:41.703,01:23:00,83,False
378,AI110,Air India,BOM,CCU,2026-04-19 17:07:41.702,2026-04-19 22:00:41.702,04:53:00,293,False
379,UK105,Vistara,CCU,HYD,2026-04-19 17:04:41.702,2026-04-19 18:11:41.702,01:07:00,67,False
380,6F128,IndiGo,HYD,DEL,2026-04-19 16:56:41.702,2026-04-19 18:03:41.702,01:07:00,67,False
381,6F224,IndiGo,DEL,MAA,2026-04-19 16:53:41.704,2026-04-19 18:52:41.704,01:59:00,119,False
382,SJ130,SpiceJet,BOM,DEL,2026-04-19 16:53:41.702,2026-04-19 20:53:41.702,04:00:00,240,False
383,AI224,Air India,DEL,HYD,2026-04-19 16:51:41.703,2026-04-19 21:36:41.703,04:45:00,285,False
384,SJ182,SpiceJet,CCU,BOM,2026-04-19 16:48:41.703,2026-04-19 17:36:41.703,00:48:00,48,False
385,UK164,Vistara,BOM,HYD,2026-04-19 16:46:41.703,2026-04-19 21:10:41.703,04:24:00,264,False
386,AI161,Air India,CCU,BOM,2026-04-19 16:40:41.703,2026-04-19 19:40:41.703,03:00:00,180,False
387,6F206,IndiGo,DEL,BOM,2026-04-19 16:39:41.703,2026-04-19 20:59:41.703,04:20:00,260,False
388,SJ204,SpiceJet,CCU,DEL,2026-04-19 16:34:41.703,2026-04-19 18:15:41.703,01:41:00,101,False
389,AI206,Air India,CCU,MAA,2026-04-19 16:30:41.703,2026-04-19 20:01:41.703,03:31:00,211,False
390,6F140,IndiGo,CCU,HYD,2026-04-19 16:30:41.702,2026-04-19 18:21:41.702,01:51:00,111,False
391,6F253,UNKNOWN,MAA,BLR,2026-04-19 16:26:41.703,2026-04-19 18:24:41.703,01:58:00,118,False
392,SJ203,SpiceJet,DEL,HYD,2026-04-19 16:22:41.703,2026-04-19 18:27:41.703,02:05:00,125,False
393,SJ161,SpiceJet,MAA,BLR,2026-04-19 16:22:41.703,2026-04-19 17:04:41.703,00:42:00,42,False
394,AI098,Air India,HYD,MAA,2026-04-19 16:01:41.702,2026-04-19 18:11:41.702,02:10:00,130,False
395,AI168,Air India,DEL,CCU,2026-04-19 15:50:41.703,2026-04-19 20:20:41.703,04:30:00,270,False
396,UK190,Vistara,DEL,BLR,2026-04-19 15:49:41.703,2026-04-19 18:53:41.703,03:04:00,184,False
397,AI085,Air India,DEL,HYD,2026-04-19 15:45:41.702,2026-04-19 20:33:41.702,04:48:00,288,False
398,AI076,Air India,BLR,BOM,2026-04-19 15:37:41.702,2026-04-19 16:12:41.702,00:35:00,35,False
399,UK130,Vistara,MAA,BLR,2026-04-19 15:36:41.702,2026-04-19 19:43:41.702,04:07:00,247,False
400,6F038,IndiGo,HYD,MAA,2026-04-19 15:36:41.701,2026-04-19 19:33:41.701,03:57:00,237,False
401,UK110,Vistara,HYD,DEL,2026-04-19 15:26:41.702,2026-04-19 20:13:41.702,04:47:00,287,False
402,SJ013,SpiceJet,DEL,MAA,2026-04-19 15:25:41.701,2026-04-19 19:54:41.701,04:29:00,269,False
403,AI039,Air India,MAA,BLR,2026-04-19 15:24:41.701,2026-04-19 18:56:41.701,03:32:00,212,False
404,AI248,Air India,CCU,DEL,2026-04-19 15:17:41.704,2026-04-19 16:35:41.704,01:18:00,78,False
405,6F199,IndiGo,DEL,MAA,2026-04-19 15:15:41.703,2026-04-19 17:32:41.703,02:17:00,137,False
406,AI225,Air India,BOM,BLR,2026-04-19 15:05:41.703,2026-04-19 16:01:41.703,00:56:00,56,False
407,SJ028,SpiceJet,CCU,BOM,2026-04-19 15:04:41.701,2026-04-19 19:32:41.701,04:28:00,268,False
408,SJ012,SpiceJet,HYD,BLR,2026-04-19 15:01:41.701,2026-04-19 16:12:41.701,01:11:00,71,False
409,SJ131,SpiceJet,MAA,HYD,2026-04-19 15:00:41.702,2026-04-19 16:07:41.702,01:07:00,67,False
410,AI010,Air India,BOM,HYD,2026-04-19 15:00:41.701,2026-04-19 19:48:41.701,04:48:00,288,False
411,6F020,IndiGo,BOM,HYD,2026-04-19 14:58:41.701,2026-04-19 16:43:41.701,01:45:00,105,False
412,SJ038,SpiceJet,BLR,DEL,2026-04-19 14:57:41.701,2026-04-19 17:46:41.701,02:49:00,169,False
413,UK204,Vistara,BLR,DEL,2026-04-19 14:46:41.703,2026-04-19 16:24:41.703,01:38:00,98,False
414,AI036,Air India,BOM,CCU,2026-04-19 14:45:41.701,2026-04-19 16:16:41.701,01:31:00,91,False
415,AI100,UNKNOWN,CCU,BOM,2026-04-19 14:42:41.702,2026-04-19 18:22:41.702,03:40:00,220,False
416,SJ215,SpiceJet,CCU,DEL,2026-04-19 14:37:41.703,2026-04-19 16:12:41.703,01:35:00,95,False
417,UK155,Vistara,MAA,HYD,2026-04-19 14:34:41.703,2026-04-19 18:37:41.703,04:03:00,243,False
418,SJ173,SpiceJet,CCU,HYD,2026-04-19 14:27:41.703,2026-04-19 16:09:41.703,01:42:00,102,False
419,UK179,Vistara,DEL,HYD,2026-04-19 14:25:41.703,2026-04-19 19:15:41.703,04:50:00,290,False
420,UK221,Vistara,CCU,DEL,2026-04-19 14:18:41.704,2026-04-19 18:44:41.704,04:26:00,266,False
421,UK023,Vistara,DEL,MAA,2026-04-19 14:15:41.701,2026-04-19 19:03:41.701,04:48:00,288,False
422,SJ107,SpiceJet,BOM,MAA,2026-04-19 14:10:41.702,2026-04-19 18:38:41.702,04:28:00,268,False
423,AI073,Air India,BOM,BLR,2026-04-19 14:08:41.702,2026-04-19 16:10:41.702,02:02:00,122,False
424,SJ187,SpiceJet,MAA,BLR,2026-04-19 14:07:41.703,2026-04-19 17:30:41.703,03:23:00,203,False
425,UK058,Vistara,MAA,BOM,2026-04-19 13:46:41.701,2026-04-19 17:04:41.701,03:18:00,198,False
426,SJ063,SpiceJet,MAA,BOM,2026-04-19 13:38:41.701,2026-04-19 15:23:41.701,01:45:00,105,False
427,SJ062,SpiceJet,BLR,HYD,2026-04-19 13:37:41.701,2026-04-19 17:06:41.701,03:29:00,209,False
428,UK048,Vistara,MAA,DEL,2026-04-19 13:36:41.701,2026-04-19 18:21:41.701,04:45:00,285,False
429,AI181,Air India,MAA,HYD,2026-04-19 13:29:41.703,2026-04-19 16:55:41.703,03:26:00,206,False
430,AI003,Air India,BLR,HYD,2026-04-19 13:27:41.701,2026-04-19 16:55:41.701,03:28:00,208,False
431,6F041,IndiGo,MAA,BOM,2026-04-19 13:19:41.701,2026-04-19 16:48:41.701,03:29:00,209,False
432,6F175,IndiGo,MAA,CCU,2026-04-19 13:18:41.703,2026-04-19 15:13:41.703,01:55:00,115,False
433,6F013,IndiGo,BOM,CCU,2026-04-19 13:15:41.701,2026-04-19 18:05:41.701,04:50:00,290,False
434,SJ040,SpiceJet,BOM,CCU,2026-04-19 13:12:41.701,2026-04-19 16:44:41.701,03:32:00,212,False
435,SJ016,SpiceJet,HYD,CCU,2026-04-19 13:01:41.701,2026-04-19 16:26:41.701,03:25:00,205,False
436,6F135,IndiGo,MAA,HYD,2026-04-19 12:59:41.702,2026-04-19 13:45:41.702,00:46:00,46,False
437,6F150,IndiGo,HYD,MAA,2026-04-19 12:55:41.703,2026-04-19 16:53:41.703,03:58:00,238,False
438,AI083,Air India,DEL,BOM,2026-04-19 12:54:41.702,2026-04-19 13:37:41.702,00:43:00,43,False
439,SJ166,SpiceJet,CCU,HYD,2026-04-19 12:51:41.703,2026-04-19 16:18:41.703,03:27:00,207,False
440,SJ027,UNKNOWN,BOM,MAA,2026-04-19 12:50:41.701,2026-04-19 17:13:41.701,04:23:00,263,False
441,6F134,IndiGo,BLR,MAA,2026-04-19 12:47:41.702,2026-04-19 14:06:41.702,01:19:00,79,False
442,UK225,Vistara,MAA,BLR,2026-04-19 12:46:41.704,2026-04-19 15:02:41.704,02:16:00,136,False
443,SJ175,SpiceJet,MAA,BLR,2026-04-19 12:46:41.703,2026-04-19 16:50:41.703,04:04:00,244,False
444,AI182,Air India,HYD,DEL,2026-04-19 12:41:41.703,2026-04-19 17:14:41.703,04:33:00,273,False
445,AI190,Air India,BOM,CCU,2026-04-19 12:38:41.703,2026-04-19 15:56:41.703,03:18:00,198,False
446,AI120,Air India,MAA,CCU,2026-04-19 12:12:41.702,2026-04-19 14:18:41.702,02:06:00,126,False
447,6F132,IndiGo,MAA,BOM,2026-04-19 12:00:41.702,2026-04-19 13:00:42.000,01:00:00.298000,60,False
448,UK102,Vistara,HYD,CCU,2026-04-19 11:58:41.702,2026-04-19 14:01:41.702,02:03:00,123,False
449,AI045,Air India,HYD,MAA,2026-04-19 11:58:41.701,2026-04-19 14:37:41.701,02:39:00,159,False
450,UK136,Vistara,HYD,CCU,2026-04-19 11:43:41.703,2026-04-19 15:26:41.703,03:43:00,223,False
451,SJ238,SpiceJet,MAA,BLR,2026-04-19 11:41:41.704,2026-04-19 15:39:41.704,03:58:00,238,False
452,AI193,Air India,MAA,HYD,2026-04-19 11:33:41.703,2026-04-19 16:07:41.703,04:34:00,274,False
453,6F001,IndiGo,HYD,BOM,2026-04-19 11:33:41.700,2026-04-19 13:08:41.700,01:35:00,95,False
454,6F211,IndiGo,MAA,BLR,2026-04-19 11:29:41.703,2026-04-19 16:20:41.703,04:51:00,291,False
455,SJ199,SpiceJet,HYD,BOM,2026-04-19 11:29:41.703,2026-04-19 13:59:41.703,02:30:00,150,False
456,SJ050,SpiceJet,HYD,CCU,2026-04-19 11:24:41.701,2026-04-19 12:03:41.701,00:39:00,39,False
457,UK115,Vistara,BLR,BOM,2026-04-19 11:20:41.702,2026-04-19 13:20:42.000,02:00:00.298000,120,False
458,AI037,Air India,BOM,BLR,2026-04-19 11:14:41.701,2026-04-19 15:13:41.701,03:59:00,239,False
459,6F235,IndiGo,HYD,MAA,2026-04-19 11:06:41.704,2026-04-19 13:51:41.704,02:45:00,165,False
460,UK111,Vistara,MAA,BLR,2026-04-19 11:06:41.702,2026-04-19 12:20:41.702,01:14:00,74,False
461,6F005,IndiGo,BOM,MAA,2026-04-19 11:04:41.701,2026-04-19 15:27:41.701,04:23:00,263,False
462,AI198,Air India,CCU,MAA,2026-04-19 10:56:41.703,2026-04-19 14:19:41.703,03:23:00,203,False
463,UK184,Vistara,MAA,HYD,2026-04-19 10:49:41.703,2026-04-19 13:00:41.703,02:11:00,131,False
464,6F219,IndiGo,MAA,DEL,2026-04-19 10:32:41.704,2026-04-19 14:37:41.704,04:05:00,245,False
465,UK066,Vistara,BOM,CCU,2026-04-19 10:29:41.701,2026-04-19 12:07:41.701,01:38:00,98,False
466,6F220,IndiGo,HYD,BOM,2026-04-19 10:27:41.704,2026-04-19 11:25:41.704,00:58:00,58,False
467,AI180,Air India,BOM,CCU,2026-04-19 10:19:41.703,2026-04-19 11:00:41.703,00:41:00,41,False
468,6F098,IndiGo,BLR,MAA,2026-04-19 10:18:41.702,2026-04-19 12:49:41.702,02:31:00,151,False
469,AI141,Air India,BLR,DEL,2026-04-19 10:16:41.702,2026-04-19 14:53:41.702,04:37:00,277,False
470,SJ170,SpiceJet,BLR,BOM,2026-04-19 10:11:41.703,2026-04-19 11:56:41.703,01:45:00,105,False
471,SJ178,SpiceJet,BOM,HYD,2026-04-19 09:58:41.703,2026-04-19 12:27:41.703,02:29:00,149,False
472,6F172,IndiGo,BOM,BLR,2026-04-19 09:53:41.703,2026-04-19 14:46:41.703,04:53:00,293,False
473,UK220,Vistara,BLR,BOM,2026-04-19 09:51:41.704,2026-04-19 13:25:41.704,03:34:00,214,False
474,SJ148,SpiceJet,DEL,BLR,2026-04-19 09:51:41.702,2026-04-19 13:41:41.702,03:50:00,230,False
475,UK065,Vistara,BOM,CCU,2026-04-19 09:38:41.701,2026-04-19 13:46:41.701,04:08:00,248,False
476,6F243,IndiGo,BOM,HYD,2026-04-19 09:37:41.704,2026-04-19 10:33:41.704,00:56:00,56,False
477,SJ193,SpiceJet,CCU,DEL,2026-04-19 09:37:41.703,2026-04-19 12:16:41.703,02:39:00,159,False
478,UK056,Vistara,HYD,MAA,2026-04-19 09:29:41.701,2026-04-19 10:15:41.701,00:46:00,46,False
479,AI219,Air India,BLR,DEL,2026-04-19 09:28:41.703,2026-04-19 11:27:41.703,01:59:00,119,False
480,SJ073,SpiceJet,CCU,BLR,2026-04-19 09:26:41.701,2026-04-19 11:14:41.701,01:48:00,108,False
481,6F052,IndiGo,BOM,CCU,2026-04-19 09:13:41.701,2026-04-19 12:02:41.701,02:49:00,169,False
482,SJ201,SpiceJet,BLR,DEL,2026-04-19 09:10:41.703,2026-04-19 11:12:41.703,02:02:00,122,False
483,UK028,Vistara,HYD,MAA,2026-04-19 09:02:41.701,2026-04-19 10:37:41.701,01:35:00,95,False
484,SJ119,SpiceJet,BOM,CCU,2026-04-19 08:53:41.702,2026-04-19 11:29:41.702,02:36:00,156,False
485,AI165,Air India,DEL,CCU,2026-04-19 08:51:41.703,2026-04-19 10:31:41.703,01:40:00,100,False
486,AI255,Air India,MAA,CCU,2026-04-19 08:45:41.704,2026-04-19 13:12:41.704,04:27:00,267,False
487,AI202,Air India,HYD,BLR,2026-04-19 08:44:41.703,2026-04-19 10:53:41.703,02:09:00,129,False
488,SJ039,SpiceJet,MAA,BOM,2026-04-19 08:41:41.701,2026-04-19 12:08:41.701,03:27:00,207,False
489,SJ051,SpiceJet,BOM,BLR,2026-04-19 08:40:41.701,2026-04-19 12:18:41.701,03:38:00,218,False
490,UK024,Vistara,MAA,BLR,2026-04-19 08:29:41.701,2026-04-19 13:29:41.701,05:00:00,300,False
491,SJ006,SpiceJet,HYD,BLR,2026-04-19 08:25:41.701,2026-04-19 08:57:41.701,00:32:00,32,False
492,AI207,Air India,BOM,MAA,2026-04-19 08:24:41.703,2026-04-19 11:23:41.703,02:59:00,179,False
493,SJ168,SpiceJet,CCU,BOM,2026-04-19 08:17:41.703,2026-04-19 12:29:41.703,04:12:00,252,False
494,AI028,Air India,HYD,BOM,2026-04-19 07:53:41.701,2026-04-19 08:35:41.701,00:42:00,42,False
495,6F094,IndiGo,BLR,BOM,2026-04-19 07:37:41.702,2026-04-19 09:06:41.702,01:29:00,89,False
496,6F024,IndiGo,BOM,DEL,2026-04-19 07:31:41.701,2026-04-19 11:17:41.701,03:46:00,226,False
497,6F061,IndiGo,MAA,BOM,2026-04-19 07:28:41.701,2026-04-19 08:09:41.701,00:41:00,41,False
498,AI032,Air India,MAA,BLR,2026-04-19 07:26:41.701,2026-04-19 09:26:42.000,02:00:00.299000,120,False
499,UK163,Vistara,DEL,HYD,2026-04-19 07:22:41.703,2026-04-19 09:04:41.703,01:42:00,102,False
500,SJ067,SpiceJet,MAA,BLR,2026-04-19 07:17:41.701,2026-04-19 08:16:41.701,00:59:00,59,False
501,SJ106,SpiceJet,CCU,DEL,2026-04-19 07:16:41.702,2026-04-19 09:40:41.702,02:24:00,144,False
502,AI086,Air India,CCU,HYD,2026-04-19 07:13:41.702,2026-04-19 10:09:41.702,02:56:00,176,False
503,6F263,UNKNOWN,DEL,HYD,2026-04-19 07:07:41.703,2026-04-19 08:30:41.703,01:23:00,83,False
504,6F163,IndiGo,MAA,BOM,2026-04-19 06:49:41.703,2026-04-19 10:46:41.703,03:57:00,237,False
505,SJ064,SpiceJet,CCU,DEL,2026-04-19 06:29:41.701,2026-04-19 08:43:41.701,02:14:00,134,False
506,UK118,Vistara,HYD,BLR,2026-04-19 06:22:41.702,2026-04-19 07:22:42.000,01:00:00.298000,60,False
507,UK022,Vistara,DEL,HYD,2026-04-19 06:22:41.701,2026-04-19 10:59:41.701,04:37:00,277,False
508,UK099,Vistara,BOM,MAA,2026-04-19 06:16:41.702,2026-04-19 10:24:41.702,04:08:00,248,False
509,6F212,IndiGo,BLR,CCU,2026-04-19 06:10:41.703,2026-04-19 10:52:41.703,04:42:00,282,False
510,AI023,Air India,HYD,BLR,2026-04-19 06:10:41.701,2026-04-19 09:35:41.701,03:25:00,205,False
511,SJ245,SpiceJet,BOM,DEL,2026-04-19 06:07:41.704,2026-04-19 09:39:41.704,03:32:00,212,False
512,6F066,IndiGo,BLR,HYD,2026-04-19 06:07:41.701,2026-04-19 07:43:41.701,01:36:00,96,False
513,AI138,Air India,DEL,CCU,2026-04-19 05:50:41.702,2026-04-19 06:40:41.702,00:50:00,50,False
514,SJ021,SpiceJet,HYD,BLR,2026-04-19 05:48:41.701,2026-04-19 09:46:41.701,03:58:00,238,False
515,SJ136,SpiceJet,HYD,BLR,2026-04-19 05:45:41.702,2026-04-19 08:04:41.702,02:19:00,139,False
516,AI148,Air India,HYD,MAA,2026-04-19 05:41:41.703,2026-04-19 08:32:41.703,02:51:00,171,False
517,SJ014,SpiceJet,BOM,HYD,2026-04-19 05:40:41.701,2026-04-19 06:39:41.701,00:59:00,59,False
518,6F104,IndiGo,CCU,BOM,2026-04-19 05:39:41.702,2026-04-19 06:14:41.702,00:35:00,35,False
519,SJ121,SpiceJet,CCU,DEL,2026-04-19 05:32:41.702,2026-04-19 06:47:41.702,01:15:00,75,False
520,UK174,Vistara,CCU,DEL,2026-04-19 05:27:41.703,2026-04-19 07:47:41.703,02:20:00,140,False
521,AI033,Air India,MAA,CCU,2026-04-19 05:25:41.701,2026-04-19 10:21:41.701,04:56:00,296,False
522,SJ122,SpiceJet,CCU,BOM,2026-04-19 05:22:41.702,2026-04-19 10:09:41.702,04:47:00,287,False
523,UK095,Vistara,BOM,MAA,2026-04-19 05:22:41.702,2026-04-19 07:36:41.702,02:14:00,134,False
524,SJ026,SpiceJet,CCU,MAA,2026-04-19 05:22:41.701,2026-04-19 09:40:41.701,04:18:00,258,False
525,6F221,IndiGo,MAA,DEL,2026-04-19 05:20:41.704,2026-04-19 08:52:41.704,03:32:00,212,False
526,SJ103,SpiceJet,MAA,BLR,2026-04-19 05:16:41.702,2026-04-19 08:56:41.702,03:40:00,220,False
527,SJ011,SpiceJet,BOM,MAA,2026-04-19 05:14:41.701,2026-04-19 09:59:41.701,04:45:00,285,False
528,AI002,Air India,HYD,BLR,2026-04-19 05:12:41.700,2026-04-19 07:12:41.700,02:00:00,120,False
529,AI046,UNKNOWN,DEL,BOM,2026-04-19 05:09:41.701,2026-04-19 08:00:41.701,02:51:00,171,False
530,SJ053,SpiceJet,CCU,DEL,2026-04-19 05:00:41.701,2026-04-19 06:38:41.701,01:38:00,98,False
531,AI236,Air India,DEL,BOM,2026-04-19 04:52:41.704,2026-04-19 09:11:41.704,04:19:00,259,False
532,AI254,Air India,CCU,HYD,2026-04-19 04:46:41.704,2026-04-19 08:06:41.704,03:20:00,200,False
533,6F063,IndiGo,DEL,HYD,2026-04-19 04:42:41.701,2026-04-19 07:31:41.701,02:49:00,169,False
534,6F115,IndiGo,MAA,BLR,2026-04-19 04:41:41.702,2026-04-19 06:23:41.702,01:42:00,102,False
535,UK070,Vistara,BOM,DEL,2026-04-19 04:36:41.701,2026-04-19 06:49:41.701,02:13:00,133,False
536,SJ147,SpiceJet,BLR,CCU,2026-04-19 04:30:41.702,2026-04-19 08:52:41.702,04:22:00,262,False
537,UK201,Vistara,HYD,BOM,2026-04-19 04:29:41.703,2026-04-19 06:42:41.703,02:13:00,133,False
538,SJ234,SpiceJet,BLR,CCU,2026-04-19 04:20:41.704,2026-04-19 06:23:41.704,02:03:00,123,False
539,AI176,Air India,BLR,DEL,2026-04-19 04:20:41.703,2026-04-19 06:25:41.703,02:05:00,125,False
540,SJ045,SpiceJet,DEL,MAA,2026-04-19 04:16:41.701,2026-04-19 09:03:41.701,04:47:00,287,False
541,SJ174,SpiceJet,CCU,DEL,2026-04-19 04:09:41.703,2026-04-19 05:04:41.703,00:55:00,55,False
542,AI007,Air India,MAA,DEL,2026-04-19 04:01:41.701,2026-04-19 06:01:42.000,02:00:00.299000,120,False
543,AI143,Air India,CCU,DEL,2026-04-19 03:58:41.702,2026-04-19 04:36:41.702,00:38:00,38,False
544,SJ241,SpiceJet,DEL,HYD,2026-04-19 03:57:41.704,2026-04-19 06:36:41.704,02:39:00,159,False
545,AI020,Air India,BOM,BLR,2026-04-19 03:53:41.701,2026-04-19 06:21:41.701,02:28:00,148,False
546,UK031,Vistara,CCU,DEL,2026-04-19 03:45:41.701,2026-04-19 07:20:41.701,03:35:00,215,False
547,AI013,Air India,HYD,BLR,2026-04-19 03:41:41.701,2026-04-19 04:58:41.701,01:17:00,77,False
548,AI249,Air India,BLR,HYD,2026-04-19 03:38:41.704,2026-04-19 06:27:41.704,02:49:00,169,False
549,UK046,Vistara,CCU,DEL,2026-04-19 03:37:41.701,2026-04-19 06:05:41.701,02:28:00,148,False
550,UK168,Vistara,BLR,CCU,2026-04-19 03:20:41.703,2026-04-19 04:09:41.703,00:49:00,49,False
551,AI022,Air India,BOM,MAA,2026-04-19 03:15:41.701,2026-04-19 05:10:41.701,01:55:00,115,False
552,UK218,Vistara,MAA,BLR,2026-04-19 03:12:41.704,2026-04-19 07:22:41.704,04:10:00,250,False
553,UK142,Vistara,BLR,DEL,2026-04-19 03:03:41.703,2026-04-19 07:13:41.703,04:10:00,250,False
554,6F067,IndiGo,MAA,BLR,2026-04-19 02:59:41.701,2026-04-19 06:02:41.701,03:03:00,183,False
555,SJ217,SpiceJet,BOM,CCU,2026-04-19 02:57:41.703,2026-04-19 06:04:41.703,03:07:00,187,False
556,SJ143,SpiceJet,DEL,BOM,2026-04-19 02:55:41.702,2026-04-19 03:52:41.702,00:57:00,57,False
557,AI243,Air India,BLR,BOM,2026-04-19 02:50:41.704,2026-04-19 05:09:41.704,02:19:00,139,False
558,SJ246,SpiceJet,BOM,DEL,2026-04-19 02:47:41.704,2026-04-19 03:47:42.000,01:00:00.296000,60,False
559,6F170,IndiGo,HYD,DEL,2026-04-19 02:44:41.703,2026-04-19 04:14:41.703,01:30:00,90,False
560,UK157,Vistara,CCU,BOM,2026-04-19 02:41:41.703,2026-04-19 03:41:42.000,01:00:00.297000,60,False
561,UK172,Vistara,DEL,BOM,2026-04-19 02:20:41.703,2026-04-19 05:21:41.703,03:01:00,181,False
562,SJ139,SpiceJet,DEL,BLR,2026-04-19 02:20:41.702,2026-04-19 06:02:41.702,03:42:00,222,False
563,UK085,Vistara,MAA,DEL,2026-04-19 02:15:41.702,2026-04-19 03:17:41.702,01:02:00,62,False
564,6F079,IndiGo,MAA,HYD,2026-04-19 02:14:41.702,2026-04-19 06:18:41.702,04:04:00,244,False
565,SJ032,SpiceJet,MAA,BOM,2026-04-19 02:11:41.701,2026-04-19 04:33:41.701,02:22:00,142,False
566,6F182,IndiGo,BOM,CCU,2026-04-19 02:10:41.703,2026-04-19 04:18:41.703,02:08:00,128,False
567,AI106,Air India,HYD,BLR,2026-04-19 02:07:41.702,2026-04-19 03:20:41.702,01:13:00,73,False
568,AI200,Air India,HYD,MAA,2026-04-19 02:05:41.703,2026-04-19 05:29:41.703,03:24:00,204,False
569,6F142,IndiGo,CCU,MAA,2026-04-19 02:05:41.702,2026-04-19 06:04:41.702,03:59:00,239,False
570,SJ079,SpiceJet,HYD,DEL,2026-04-19 01:58:41.702,2026-04-19 05:02:41.702,03:04:00,184,False
571,SJ082,SpiceJet,BOM,DEL,2026-04-19 01:54:41.702,2026-04-19 02:33:41.702,00:39:00,39,False
572,SJ110,SpiceJet,CCU,DEL,2026-04-19 01:47:41.702,2026-04-19 02:20:41.702,00:33:00,33,False
573,6F262,UNKNOWN,MAA,DEL,2026-04-19 01:44:41.702,2026-04-19 02:47:41.702,01:03:00,63,False
574,UK143,Vistara,BLR,BOM,2026-04-19 01:34:41.703,2026-04-19 02:48:41.703,01:14:00,74,False
575,6F269,UNKNOWN,HYD,MAA,2026-04-19 01:30:41.702,2026-04-19 02:52:41.702,01:22:00,82,False
576,6F214,IndiGo,BOM,CCU,2026-04-19 01:21:41.703,2026-04-19 05:20:41.703,03:59:00,239,False
577,SJ213,SpiceJet,BOM,CCU,2026-04-19 01:19:41.703,2026-04-19 04:48:41.703,03:29:00,209,False
578,SJ072,SpiceJet,DEL,HYD,2026-04-19 01:18:41.701,2026-04-19 04:08:41.701,02:50:00,170,False
579,6F059,IndiGo,BOM,DEL,2026-04-19 01:12:41.701,2026-04-19 06:02:41.701,04:50:00,290,False
580,UK202,Vistara,DEL,HYD,2026-04-19 01:11:41.703,2026-04-19 05:37:41.703,04:26:00,266,False
581,UK037,Vistara,BLR,BOM,2026-04-19 01:10:41.701,2026-04-19 05:12:41.701,04:02:00,242,False
582,UK069,Vistara,CCU,DEL,2026-04-19 01:10:41.701,2026-04-19 03:23:41.701,02:13:00,133,False
583,SJ118,SpiceJet,DEL,BOM,2026-04-19 01:08:41.702,2026-04-19 02:33:41.702,01:25:00,85,False
584,6F145,IndiGo,CCU,DEL,2026-04-19 01:02:41.703,2026-04-19 02:18:41.703,01:16:00,76,False
585,UK097,Vistara,HYD,BOM,2026-04-19 00:49:41.702,2026-04-19 05:00:41.702,04:11:00,251,False
586,6F117,IndiGo,CCU,DEL,2026-04-19 00:46:41.702,2026-04-19 01:51:41.702,01:05:00,65,False
587,6F226,IndiGo,DEL,BOM,2026-04-19 00:38:41.704,2026-04-19 02:55:41.704,02:17:00,137,False
588,6F050,IndiGo,DEL,BOM,2026-04-19 00:35:41.701,2026-04-19 04:32:41.701,03:57:00,237,False
589,UK196,Vistara,BOM,HYD,2026-04-19 00:32:41.703,2026-04-19 04:49:41.703,04:17:00,257,False
590,SJ086,SpiceJet,CCU,DEL,2026-04-19 00:32:41.702,2026-04-19 04:17:41.702,03:45:00,225,False
591,AI134,Air India,HYD,BOM,2026-04-19 00:28:41.702,2026-04-19 04:23:41.702,03:55:00,235,False
592,AI043,Air India,CCU,DEL,2026-04-19 00:28:41.701,2026-04-19 04:37:41.701,04:09:00,249,False
593,UK119,Vistara,BOM,CCU,2026-04-19 00:21:41.702,2026-04-19 04:38:41.702,04:17:00,257,False
594,SJ181,SpiceJet,BOM,BLR,2026-04-19 00:20:41.703,2026-04-19 01:49:41.703,01:29:00,89,False
595,AI070,Air India,CCU,DEL,2026-04-19 00:05:41.702,2026-04-19 01:44:41.702,01:39:00,99,False
596,6F233,IndiGo,BLR,BOM,2026-04-18 23:56:41.704,2026-04-19 03:53:41.704,03:57:00,237,True
597,UK013,Vistara,BOM,MAA,2026-04-18 23:52:41.701,2026-04-19 02:52:41.701,03:00:00,180,True
598,6F015,IndiGo,BOM,CCU,2026-04-18 23:39:41.701,2026-04-19 02:27:41.701,02:48:00,168,True
599,SJ247,SpiceJet,DEL,BOM,2026-04-18 23:38:41.704,2026-04-19 03:43:41.704,04:05:00,245,True
600,AI067,Air India,HYD,DEL,2026-04-18 23:36:41.701,2026-04-19 03:09:41.701,03:33:00,213,True
601,AI211,Air India,DEL,CCU,2026-04-18 23:34:41.703,2026-04-19 01:21:41.703,01:47:00,107,True
602,UK029,Vistara,DEL,BOM,2026-04-18 23:26:41.701,2026-04-19 02:15:41.701,02:49:00,169,True
603,SJ200,SpiceJet,BOM,DEL,2026-04-18 23:24:41.703,2026-04-19 02:11:41.703,02:47:00,167,True
604,6F087,IndiGo,DEL,HYD,2026-04-18 23:24:41.702,2026-04-19 03:10:41.702,03:46:00,226,True
605,SJ210,SpiceJet,HYD,CCU,2026-04-18 23:21:41.703,2026-04-19 02:54:41.703,03:33:00,213,True
606,AI101,Air India,DEL,BLR,2026-04-18 23:20:41.702,2026-04-19 02:23:41.702,03:03:00,183,True
607,UK075,Vistara,MAA,CCU,2026-04-18 23:15:41.702,2026-04-19 03:54:41.702,04:39:00,279,True
608,SJ091,SpiceJet,BLR,CCU,2026-04-18 23:10:41.702,2026-04-19 00:47:41.702,01:37:00,97,True
609,AI251,Air India,MAA,DEL,2026-04-18 22:40:41.704,2026-04-18 23:24:41.704,00:44:00,44,False
610,SJ042,SpiceJet,HYD,CCU,2026-04-18 22:38:41.701,2026-04-19 02:20:41.701,03:42:00,222,True
611,UK126,Vistara,CCU,DEL,2026-04-18 22:37:41.702,2026-04-19 00:03:41.702,01:26:00,86,True
612,6F042,IndiGo,HYD,DEL,2026-04-18 22:35:41.701,2026-04-19 02:41:41.701,04:06:00,246,True
613,AI116,Air India,CCU,BOM,2026-04-18 22:30:41.702,2026-04-19 01:57:41.702,03:27:00,207,True
614,SJ209,SpiceJet,BLR,BOM,2026-04-18 22:22:41.703,2026-04-19 02:03:41.703,03:41:00,221,True
615,AI123,Air India,MAA,BOM,2026-04-18 22:19:41.702,2026-04-19 00:45:41.702,02:26:00,146,True
616,6F016,IndiGo,HYD,BOM,2026-04-18 22:18:41.701,2026-04-18 22:54:41.701,00:36:00,36,False
617,UK012,Vistara,MAA,BOM,2026-04-18 22:16:41.701,2026-04-19 00:25:41.701,02:09:00,129,True
618,SJ188,SpiceJet,BLR,BOM,2026-04-18 22:15:41.703,2026-04-18 22:55:41.703,00:40:00,40,False
619,UK096,Vistara,BLR,HYD,2026-04-18 22:11:41.702,2026-04-19 00:06:41.702,01:55:00,115,True
620,SJ046,SpiceJet,BOM,MAA,2026-04-18 22:01:41.701,2026-04-19 01:25:41.701,03:24:00,204,True
621,UK081,Vistara,BLR,DEL,2026-04-18 22:00:41.702,2026-04-18 23:00:41.702,01:00:00,60,False
622,UK191,Vistara,MAA,BLR,2026-04-18 21:51:41.703,2026-04-18 22:57:41.703,01:06:00,66,False
623,6F064,IndiGo,CCU,DEL,2026-04-18 21:45:41.701,2026-04-18 22:50:41.701,01:05:00,65,False
624,AI005,Air India,DEL,CCU,2026-04-18 21:24:41.701,2026-04-18 22:11:41.701,00:47:00,47,False
625,6F021,IndiGo,BLR,MAA,2026-04-18 21:23:41.701,2026-04-19 01:25:41.701,04:02:00,242,True
626,AI169,Air India,CCU,DEL,2026-04-18 21:21:41.703,2026-04-19 01:34:41.703,04:13:00,253,True
627,UK035,Vistara,HYD,BOM,2026-04-18 21:08:41.701,2026-04-18 22:24:41.701,01:16:00,76,False
628,AI040,Air India,HYD,BLR,2026-04-18 21:01:41.701,2026-04-18 22:42:41.701,01:41:00,101,False
629,UK042,Vistara,MAA,BOM,2026-04-18 20:59:41.701,2026-04-19 01:38:41.701,04:39:00,279,True
630,SJ171,SpiceJet,DEL,HYD,2026-04-18 20:52:41.703,2026-04-18 23:52:41.703,03:00:00,180,False
631,AI250,UNKNOWN,BOM,CCU,2026-04-18 20:48:41.704,2026-04-19 00:12:41.704,03:24:00,204,True
632,SJ195,SpiceJet,BOM,CCU,2026-04-18 20:41:41.703,2026-04-18 23:54:41.703,03:13:00,193,False
633,UK211,Vistara,MAA,CCU,2026-04-18 20:39:41.704,2026-04-18 22:02:41.704,01:23:00,83,False
634,UK122,Vistara,HYD,CCU,2026-04-18 20:29:42.000,2026-04-18 23:29:42.000,03:00:00,180,False
635,AI136,Air India,BLR,DEL,2026-04-18 20:29:41.702,2026-04-18 23:48:41.702,03:19:00,199,False
636,6F141,IndiGo,BOM,CCU,2026-04-18 20:26:41.702,2026-04-18 22:28:41.702,02:02:00,122,False
637,6F053,IndiGo,DEL,HYD,2026-04-18 20:26:41.701,2026-04-19 00:39:41.701,04:13:00,253,True
638,6F136,IndiGo,CCU,DEL,2026-04-18 20:24:41.702,2026-04-18 21:01:41.702,00:37:00,37,False
639,6F009,IndiGo,BLR,CCU,2026-04-18 20:21:41.701,2026-04-18 23:36:41.701,03:15:00,195,False
640,6F023,IndiGo,MAA,BLR,2026-04-18 20:18:41.701,2026-04-19 00:14:41.701,03:56:00,236,True
641,UK006,Vistara,MAA,CCU,2026-04-18 20:16:41.701,2026-04-18 21:55:41.701,01:39:00,99,False
642,SJ165,SpiceJet,CCU,BOM,2026-04-18 20:08:41.703,2026-04-18 23:18:41.703,03:10:00,190,False
643,6F189,IndiGo,MAA,BLR,2026-04-18 20:08:41.703,2026-04-18 21:51:41.703,01:43:00,103,False
644,AI131,Air India,MAA,BOM,2026-04-18 19:55:41.702,2026-04-18 22:35:41.702,02:40:00,160,False
645,6F004,IndiGo,BOM,CCU,2026-04-18 19:53:41.701,2026-04-18 23:33:41.701,03:40:00,220,False
646,AI027,Air India,BOM,MAA,2026-04-18 19:41:41.701,2026-04-18 23:23:41.701,03:42:00,222,False
647,AI238,Air India,CCU,MAA,2026-04-18 19:25:41.704,2026-04-19 00:07:41.704,04:42:00,282,True
648,SJ105,SpiceJet,BOM,HYD,2026-04-18 19:22:41.702,2026-04-18 22:48:41.702,03:26:00,206,False
649,UK088,Vistara,MAA,BLR,2026-04-18 19:16:41.702,2026-04-18 23:36:41.702,04:20:00,260,False
650,6F035,IndiGo,CCU,HYD,2026-04-18 19:16:41.701,2026-04-18 23:40:41.701,04:24:00,264,False
651,AI133,Air India,DEL,CCU,2026-04-18 19:12:41.702,2026-04-18 21:32:41.702,02:20:00,140,False
652,AI001,Air India,DEL,HYD,2026-04-18 19:00:41.700,2026-04-18 22:03:41.700,03:03:00,183,False
653,SJ133,SpiceJet,BOM,CCU,2026-04-18 18:50:41.702,2026-04-18 21:29:41.702,02:39:00,159,False
654,SJ216,SpiceJet,BOM,CCU,2026-04-18 18:35:41.703,2026-04-18 21:31:41.703,02:56:00,176,False
655,SJ225,SpiceJet,DEL,HYD,2026-04-18 18:16:41.704,2026-04-18 20:53:41.704,02:37:00,157,False
656,AI147,Air India,HYD,CCU,2026-04-18 18:14:41.703,2026-04-18 20:10:41.703,01:56:00,116,False
657,SJ054,SpiceJet,MAA,BLR,2026-04-18 18:13:41.701,2026-04-18 22:46:41.701,04:33:00,273,False
658,6F197,IndiGo,BOM,BLR,2026-04-18 17:59:41.703,2026-04-18 22:44:41.703,04:45:00,285,False
659,SJ066,SpiceJet,HYD,CCU,2026-04-18 17:47:41.701,2026-04-18 19:03:41.701,01:16:00,76,False
660,SJ183,SpiceJet,CCU,DEL,2026-04-18 17:44:41.703,2026-04-18 19:40:41.703,01:56:00,116,False
661,SJ151,SpiceJet,BOM,CCU,2026-04-18 17:44:41.702,2026-04-18 19:16:41.702,01:32:00,92,False
662,SJ071,SpiceJet,CCU,MAA,2026-04-18 17:43:41.701,2026-04-18 19:32:41.701,01:49:00,109,False
663,SJ102,SpiceJet,MAA,CCU,2026-04-18 17:26:41.702,2026-04-18 18:58:41.702,01:32:00,92,False
664,AI209,Air India,BLR,CCU,2026-04-18 17:25:41.703,2026-04-18 18:37:41.703,01:12:00,72,False
665,6F111,IndiGo,HYD,DEL,2026-04-18 17:09:41.702,2026-04-18 20:02:41.702,02:53:00,173,False
666,AI050,Air India,BLR,BOM,2026-04-18 17:07:41.701,2026-04-18 19:42:41.701,02:35:00,155,False
667,SJ189,SpiceJet,HYD,BLR,2026-04-18 17:05:41.703,2026-04-18 22:01:41.703,04:56:00,296,False
668,UK112,UNKNOWN,CCU,DEL,2026-04-18 17:05:41.702,2026-04-18 19:47:41.702,02:42:00,162,False
669,6F171,IndiGo,DEL,BLR,2026-04-18 17:03:41.703,2026-04-18 18:12:41.703,01:09:00,69,False
670,AI011,Air India,CCU,BOM,2026-04-18 16:58:41.701,2026-04-18 21:01:41.701,04:03:00,243,False
671,6F027,IndiGo,BLR,DEL,2026-04-18 16:52:41.701,2026-04-18 18:21:41.701,01:29:00,89,False
672,UK082,Vistara,DEL,BOM,2026-04-18 16:50:41.702,2026-04-18 21:21:41.702,04:31:00,271,False
673,UK138,Vistara,DEL,BLR,2026-04-18 16:47:41.703,2026-04-18 19:36:41.703,02:49:00,169,False
674,UK198,Vistara,DEL,BLR,2026-04-18 16:43:41.703,2026-04-18 18:18:41.703,01:35:00,95,False
675,6F039,IndiGo,MAA,CCU,2026-04-18 16:43:41.701,2026-04-18 21:01:41.701,04:18:00,258,False
676,6F157,IndiGo,MAA,CCU,2026-04-18 16:37:41.703,2026-04-18 18:04:41.703,01:27:00,87,False
677,SJ024,SpiceJet,DEL,MAA,2026-04-18 16:29:41.701,2026-04-18 20:21:41.701,03:52:00,232,False
678,6F167,IndiGo,BLR,BOM,2026-04-18 16:26:41.703,2026-04-18 17:50:41.703,01:24:00,84,False
679,AI197,Air India,BOM,CCU,2026-04-18 16:25:41.703,2026-04-18 20:00:41.703,03:35:00,215,False
680,SJ211,SpiceJet,MAA,BOM,2026-04-18 16:22:41.703,2026-04-18 18:34:41.703,02:12:00,132,False
681,6F055,IndiGo,DEL,CCU,2026-04-18 16:21:41.701,2026-04-18 18:49:41.701,02:28:00,148,False
682,AI253,Air India,BLR,BOM,2026-04-18 16:13:41.704,2026-04-18 19:51:41.704,03:38:00,218,False
683,UK060,Vistara,BLR,CCU,2026-04-18 16:09:41.701,2026-04-18 19:42:41.701,03:33:00,213,False
684,6F257,UNKNOWN,MAA,CCU,2026-04-18 16:04:41.704,2026-04-18 19:55:41.704,03:51:00,231,False
685,SJ135,SpiceJet,MAA,CCU,2026-04-18 16:03:41.702,2026-04-18 19:48:41.702,03:45:00,225,False
686,AI247,Air India,BOM,CCU,2026-04-18 15:58:41.704,2026-04-18 19:02:41.704,03:04:00,184,False
687,UK127,Vistara,BOM,HYD,2026-04-18 15:56:41.702,2026-04-18 20:00:41.702,04:04:00,244,False
688,AI109,Air India,BLR,BOM,2026-04-18 15:53:41.702,2026-04-18 20:14:41.702,04:21:00,261,False
689,AI057,Air India,BOM,CCU,2026-04-18 15:53:41.701,2026-04-18 19:22:41.701,03:29:00,209,False
690,6F103,IndiGo,CCU,MAA,2026-04-18 15:37:41.702,2026-04-18 18:32:41.702,02:55:00,175,False
691,SJ144,SpiceJet,BLR,BOM,2026-04-18 15:35:41.702,2026-04-18 19:12:41.702,03:37:00,217,False
692,6F076,IndiGo,CCU,HYD,2026-04-18 15:35:41.702,2026-04-18 16:20:41.702,00:45:00,45,False
693,6F240,IndiGo,DEL,HYD,2026-04-18 15:31:41.704,2026-04-18 19:56:41.704,04:25:00,265,False
694,UK057,Vistara,CCU,DEL,2026-04-18 15:25:41.701,2026-04-18 20:04:41.701,04:39:00,279,False
695,AI201,Air India,BLR,CCU,2026-04-18 15:19:41.703,2026-04-18 16:40:41.703,01:21:00,81,False
696,SJ242,SpiceJet,BLR,HYD,2026-04-18 14:55:41.704,2026-04-18 17:42:41.704,02:47:00,167,False
697,6F037,IndiGo,BOM,MAA,2026-04-18 14:51:41.701,2026-04-18 17:23:41.701,02:32:00,152,False
698,SJ132,SpiceJet,MAA,DEL,2026-04-18 14:44:41.702,2026-04-18 15:36:41.702,00:52:00,52,False
699,AI055,Air India,CCU,BOM,2026-04-18 14:39:41.701,2026-04-18 16:18:41.701,01:39:00,99,False
700,6F252,UNKNOWN,MAA,BLR,2026-04-18 14:25:41.701,2026-04-18 18:52:41.701,04:27:00,267,False
701,AI183,Air India,DEL,CCU,2026-04-18 14:24:41.703,2026-04-18 16:06:41.703,01:42:00,102,False
702,SJ125,SpiceJet,DEL,BLR,2026-04-18 14:21:41.702,2026-04-18 16:55:41.702,02:34:00,154,False
703,SJ087,SpiceJet,BOM,DEL,2026-04-18 14:20:41.702,2026-04-18 19:09:41.702,04:49:00,289,False
704,UK182,Vistara,HYD,CCU,2026-04-18 14:19:41.703,2026-04-18 18:25:41.703,04:06:00,246,False
705,AI016,Air India,BOM,CCU,2026-04-18 14:15:41.701,2026-04-18 18:38:41.701,04:23:00,263,False
706,6F107,IndiGo,CCU,BLR,2026-04-18 14:14:41.702,2026-04-18 17:14:42.000,03:00:00.298000,180,False
707,AI026,Air India,DEL,BOM,2026-04-18 14:14:41.701,2026-04-18 15:13:41.701,00:59:00,59,False
708,AI177,Air India,CCU,HYD,2026-04-18 14:11:41.703,2026-04-18 16:26:41.703,02:15:00,135,False
709,AI041,Air India,BOM,BLR,2026-04-18 14:08:41.701,2026-04-18 15:59:41.701,01:51:00,111,False
710,6F264,Indigo,DEL,HYD,2026-04-18 14:03:41.701,2026-04-18 18:23:41.701,04:20:00,260,False
711,6F222,IndiGo,HYD,MAA,2026-04-18 14:01:41.704,2026-04-18 16:11:41.704,02:10:00,130,False
712,AI004,Air India,HYD,MAA,2026-04-18 13:58:41.701,2026-04-18 18:12:41.701,04:14:00,254,False
713,SJ126,SpiceJet,DEL,BLR,2026-04-18 13:47:41.702,2026-04-18 16:31:41.702,02:44:00,164,False
714,SJ220,SpiceJet,BOM,CCU,2026-04-18 13:45:41.703,2026-04-18 15:21:41.703,01:36:00,96,False
715,AI204,Air India,CCU,MAA,2026-04-18 13:40:41.703,2026-04-18 18:38:41.703,04:58:00,298,False
716,UK098,Vistara,CCU,DEL,2026-04-18 13:38:41.702,2026-04-18 17:54:41.702,04:16:00,256,False
717,AI090,Air India,MAA,CCU,2026-04-18 13:37:41.702,2026-04-18 16:11:41.702,02:34:00,154,False
718,AI092,Air India,CCU,BOM,2026-04-18 13:36:41.702,2026-04-18 16:20:41.702,02:44:00,164,False
719,AI049,Air India,CCU,MAA,2026-04-18 13:35:41.701,2026-04-18 15:48:41.701,02:13:00,133,False
720,UK117,Vistara,BLR,BOM,2026-04-18 13:17:41.702,2026-04-18 16:54:41.702,03:37:00,217,False
721,6F227,IndiGo,MAA,BOM,2026-04-18 13:16:41.704,2026-04-18 17:41:41.704,04:25:00,265,False
722,AI228,Air India,BLR,BOM,2026-04-18 13:16:41.703,2026-04-18 17:44:41.703,04:28:00,268,False
723,SJ164,SpiceJet,CCU,MAA,2026-04-18 13:14:41.703,2026-04-18 15:14:42.000,02:00:00.297000,120,False
724,AI018,Air India,BOM,CCU,2026-04-18 13:12:41.701,2026-04-18 18:04:41.701,04:52:00,292,False
725,UK192,Vistara,HYD,DEL,2026-04-18 12:54:41.703,2026-04-18 13:54:42.000,01:00:00.297000,60,False
726,SJ224,SpiceJet,DEL,MAA,2026-04-18 12:41:41.703,2026-04-18 15:33:41.703,02:52:00,172,False
727,UK050,Vistara,BOM,DEL,2026-04-18 12:39:41.701,2026-04-18 13:18:41.701,00:39:00,39,False
728,SJ159,SpiceJet,CCU,DEL,2026-04-18 12:22:41.703,2026-04-18 14:05:41.703,01:43:00,103,False
729,UK038,Vistara,MAA,CCU,2026-04-18 12:22:41.701,2026-04-18 15:31:41.701,03:09:00,189,False
730,6F192,IndiGo,CCU,BLR,2026-04-18 12:20:41.703,2026-04-18 16:45:41.703,04:25:00,265,False
731,6F173,IndiGo,BOM,CCU,2026-04-18 12:19:41.703,2026-04-18 13:08:41.703,00:49:00,49,False
732,AI185,Air India,CCU,BOM,2026-04-18 12:16:41.703,2026-04-18 16:18:41.703,04:02:00,242,False
733,SJ152,SpiceJet,BOM,DEL,2026-04-18 12:09:41.702,2026-04-18 13:50:41.702,01:41:00,101,False
734,AI215,Air India,BLR,DEL,2026-04-18 12:07:41.703,2026-04-18 13:43:41.703,01:36:00,96,False
735,AI074,Air India,CCU,BOM,2026-04-18 12:03:41.702,2026-04-18 12:50:41.702,00:47:00,47,False
736,6F109,IndiGo,BLR,BOM,2026-04-18 12:00:41.702,2026-04-18 12:51:41.702,00:51:00,51,False
737,6F144,IndiGo,HYD,BOM,2026-04-18 11:56:41.702,2026-04-18 15:11:41.702,03:15:00,195,False
738,6F210,IndiGo,HYD,DEL,2026-04-18 11:51:41.703,2026-04-18 15:58:41.703,04:07:00,247,False
739,SJ111,SpiceJet,DEL,MAA,2026-04-18 11:47:41.702,2026-04-18 12:59:41.702,01:12:00,72,False
740,UK092,Vistara,MAA,BLR,2026-04-18 11:42:41.702,2026-04-18 13:17:41.702,01:35:00,95,False
741,UK009,Vistara,BOM,DEL,2026-04-18 11:34:41.701,2026-04-18 13:41:41.701,02:07:00,127,False
742,AI170,Air India,HYD,DEL,2026-04-18 11:27:41.703,2026-04-18 15:50:41.703,04:23:00,263,False
743,6F154,IndiGo,CCU,DEL,2026-04-18 11:26:41.703,2026-04-18 12:23:41.703,00:57:00,57,False
744,6F161,IndiGo,MAA,DEL,2026-04-18 11:24:41.703,2026-04-18 12:21:41.703,00:57:00,57,False
745,UK128,Vistara,BOM,CCU,2026-04-18 11:22:41.702,2026-04-18 14:11:41.702,02:49:00,169,False
746,AI186,Air India,DEL,BOM,2026-04-18 11:11:41.703,2026-04-18 13:05:41.703,01:54:00,114,False
747,AI099,Air India,BLR,BOM,2026-04-18 11:07:41.702,2026-04-18 13:29:41.702,02:22:00,142,False
748,6F203,IndiGo,BLR,HYD,2026-04-18 11:05:41.703,2026-04-18 12:56:41.703,01:51:00,111,False
749,UK139,Vistara,BLR,MAA,2026-04-18 10:54:41.703,2026-04-18 14:31:41.703,03:37:00,217,False
750,SJ008,SpiceJet,HYD,BLR,2026-04-18 10:53:41.701,2026-04-18 15:48:41.701,04:55:00,295,False
751,AI171,Air India,MAA,BLR,2026-04-18 10:51:41.703,2026-04-18 13:34:41.703,02:43:00,163,False
752,6F124,IndiGo,BLR,BOM,2026-04-18 10:47:41.702,2026-04-18 15:21:41.702,04:34:00,274,False
753,6F137,IndiGo,CCU,DEL,2026-04-18 10:45:41.702,2026-04-18 15:01:41.702,04:16:00,256,False
754,AI008,Air India,BOM,CCU,2026-04-18 10:43:41.701,2026-04-18 12:43:42.000,02:00:00.299000,120,False
755,SJ140,UNKNOWN,HYD,DEL,2026-04-18 10:42:41.702,2026-04-18 14:30:41.702,03:48:00,228,False
756,UK016,Vistara,DEL,CCU,2026-04-18 10:42:41.701,2026-04-18 11:22:41.701,00:40:00,40,False
757,AI127,Air India,DEL,HYD,2026-04-18 10:37:41.702,2026-04-18 13:45:41.702,03:08:00,188,False
758,SJ096,UNKNOWN,DEL,HYD,2026-04-18 10:29:41.702,2026-04-18 13:45:41.702,03:16:00,196,False
759,6F048,IndiGo,HYD,DEL,2026-04-18 10:27:41.701,2026-04-18 11:18:41.701,00:51:00,51,False
760,SJ090,SpiceJet,HYD,MAA,2026-04-18 10:24:41.702,2026-04-18 13:11:41.702,02:47:00,167,False
761,AI014,Air India,HYD,MAA,2026-04-18 10:24:41.701,2026-04-18 13:51:41.701,03:27:00,207,False
762,6F131,IndiGo,BLR,HYD,2026-04-18 10:22:41.702,2026-04-18 14:20:41.702,03:58:00,238,False
763,AI130,Air India,BOM,BLR,2026-04-18 10:18:41.702,2026-04-18 12:59:41.702,02:41:00,161,False
764,UK151,Vistara,BOM,CCU,2026-04-18 10:11:41.703,2026-04-18 13:30:41.703,03:19:00,199,False
765,6F165,IndiGo,BLR,BOM,2026-04-18 10:11:41.703,2026-04-18 11:09:41.703,00:58:00,58,False
766,UK161,Vistara,BLR,BOM,2026-04-18 10:05:41.703,2026-04-18 12:48:41.703,02:43:00,163,False
767,AI107,Air India,HYD,CCU,2026-04-18 10:03:41.702,2026-04-18 10:49:41.702,00:46:00,46,False
768,SJ104,SpiceJet,HYD,DEL,2026-04-18 10:00:41.702,2026-04-18 11:00:42.000,01:00:00.298000,60,False
769,AI042,Air India,CCU,DEL,2026-04-18 09:53:41.701,2026-04-18 10:57:41.701,01:04:00,64,False
770,6F266,UNKNOWN,CCU,MAA,2026-04-18 09:49:41.703,2026-04-18 11:17:41.703,01:28:00,88,False
771,6F138,IndiGo,HYD,BLR,2026-04-18 09:49:41.702,2026-04-18 12:53:41.702,03:04:00,184,False
772,SJ219,SpiceJet,BOM,DEL,2026-04-18 09:32:41.703,2026-04-18 14:09:41.703,04:37:00,277,False
773,UK197,Vistara,BLR,HYD,2026-04-18 09:22:41.703,2026-04-18 10:54:41.703,01:32:00,92,False
774,6F119,IndiGo,DEL,BOM,2026-04-18 09:19:41.702,2026-04-18 11:33:41.702,02:14:00,134,False
775,SJ058,SpiceJet,DEL,HYD,2026-04-18 08:58:41.701,2026-04-18 13:14:41.701,04:16:00,256,False
776,AI218,Air India,BOM,CCU,2026-04-18 08:55:41.703,2026-04-18 11:55:41.703,03:00:00,180,False
777,SJ060,SpiceJet,HYD,CCU,2026-04-18 08:51:41.701,2026-04-18 13:46:41.701,04:55:00,295,False
778,UK121,Vistara,BLR,BOM,2026-04-18 08:36:41.702,2026-04-18 12:36:41.702,04:00:00,240,False
779,6F208,IndiGo,CCU,BOM,2026-04-18 08:27:41.703,2026-04-18 11:34:41.703,03:07:00,187,False
780,6F153,IndiGo,CCU,BLR,2026-04-18 08:23:41.703,2026-04-18 12:20:41.703,03:57:00,237,False
781,AI117,Air India,HYD,BLR,2026-04-18 08:18:41.702,2026-04-18 10:09:41.702,01:51:00,111,False
782,SJ113,SpiceJet,BLR,BOM,2026-04-18 08:10:41.702,2026-04-18 10:10:42.000,02:00:00.298000,120,False
783,AI191,Air India,BLR,MAA,2026-04-18 07:57:41.703,2026-04-18 11:58:41.703,04:01:00,241,False
784,6F267,UNKNOWN,DEL,MAA,2026-04-18 07:56:41.703,2026-04-18 11:49:41.703,03:53:00,233,False
785,6F185,IndiGo,CCU,DEL,2026-04-18 07:49:41.703,2026-04-18 10:08:41.703,02:19:00,139,False
786,AI114,Air India,CCU,DEL,2026-04-18 07:48:41.702,2026-04-18 09:03:41.702,01:15:00,75,False
787,6F155,IndiGo,DEL,BLR,2026-04-18 07:47:41.703,2026-04-18 08:20:41.703,00:33:00,33,False
788,UK045,Vistara,MAA,HYD,2026-04-18 07:43:41.701,2026-04-18 09:28:41.701,01:45:00,105,False
789,AI111,Air India,MAA,CCU,2026-04-18 07:40:41.702,2026-04-18 10:39:41.702,02:59:00,179,False
790,AI156,Air India,CCU,BOM,2026-04-18 07:39:41.703,2026-04-18 09:22:41.703,01:43:00,103,False
791,SJ128,SpiceJet,CCU,BLR,2026-04-18 07:39:41.702,2026-04-18 10:42:41.702,03:03:00,183,False
792,AI104,Air India,MAA,HYD,2026-04-18 07:35:41.702,2026-04-18 09:20:41.702,01:45:00,105,False
793,6F225,IndiGo,HYD,CCU,2026-04-18 07:33:41.704,2026-04-18 12:12:41.704,04:39:00,279,False
794,6F033,IndiGo,DEL,HYD,2026-04-18 07:08:41.701,2026-04-18 09:08:41.701,02:00:00,120,False
795,6F244,IndiGo,MAA,CCU,2026-04-18 07:07:41.704,2026-04-18 08:31:41.704,01:24:00,84,False
796,UK137,Vistara,BOM,MAA,2026-04-18 07:04:41.703,2026-04-18 09:14:41.703,02:10:00,130,False
797,AI063,Air India,HYD,BLR,2026-04-18 07:03:41.701,2026-04-18 11:26:41.701,04:23:00,263,False
798,SJ156,SpiceJet,BOM,DEL,2026-04-18 06:59:41.703,2026-04-18 07:34:41.703,00:35:00,35,False
799,UK125,Vistara,HYD,BOM,2026-04-18 06:58:41.702,2026-04-18 11:44:41.702,04:46:00,286,False
800,AI232,Air India,DEL,BLR,2026-04-18 06:43:41.704,2026-04-18 10:13:41.704,03:30:00,210,False
801,AI167,Air India,BLR,DEL,2026-04-18 06:43:41.703,2026-04-18 11:10:41.703,04:27:00,267,False
802,UK160,Vistara,BLR,BOM,2026-04-18 06:42:41.703,2026-04-18 10:58:41.703,04:16:00,256,False
803,UK129,Vistara,HYD,MAA,2026-04-18 06:29:41.702,2026-04-18 07:29:42.000,01:00:00.298000,60,False
804,SJ230,SpiceJet,BOM,CCU,2026-04-18 06:22:41.704,2026-04-18 10:57:41.704,04:35:00,275,False
805,SJ056,SpiceJet,HYD,DEL,2026-04-18 06:11:41.701,2026-04-18 07:10:41.701,00:59:00,59,False
806,SJ137,SpiceJet,CCU,DEL,2026-04-18 06:08:41.702,2026-04-18 10:14:41.702,04:06:00,246,False
807,6F081,IndiGo,MAA,BLR,2026-04-18 06:04:41.702,2026-04-18 07:43:41.702,01:39:00,99,False
808,6F088,IndiGo,CCU,BLR,2026-04-18 05:51:41.702,2026-04-18 08:22:41.702,02:31:00,151,False
809,6F121,IndiGo,HYD,MAA,2026-04-18 05:44:41.702,2026-04-18 10:42:41.702,04:58:00,298,False
810,UK214,Vistara,HYD,DEL,2026-04-18 05:30:41.704,2026-04-18 09:10:41.704,03:40:00,220,False
811,6F060,IndiGo,DEL,BLR,2026-04-18 05:29:41.701,2026-04-18 07:29:42.000,02:00:00.299000,120,False
812,SJ101,SpiceJet,CCU,DEL,2026-04-18 05:17:41.702,2026-04-18 06:57:41.702,01:40:00,100,False
813,AI017,Air India,CCU,BOM,2026-04-18 05:15:41.701,2026-04-18 08:48:41.701,03:33:00,213,False
814,6F120,IndiGo,BLR,BOM,2026-04-18 05:14:41.702,2026-04-18 06:14:41.702,01:00:00,60,False
815,6F217,IndiGo,BLR,BOM,2026-04-18 05:13:41.704,2026-04-18 08:01:41.704,02:48:00,168,False
816,AI194,Air India,MAA,BLR,2026-04-18 05:09:41.703,2026-04-18 09:38:41.703,04:29:00,269,False
817,AI095,Air India,DEL,MAA,2026-04-18 05:00:41.702,2026-04-18 08:18:41.702,03:18:00,198,False
818,SJ190,SpiceJet,BOM,CCU,2026-04-18 04:57:41.703,2026-04-18 09:25:41.703,04:28:00,268,False
819,6F139,IndiGo,HYD,MAA,2026-04-18 04:55:41.702,2026-04-18 08:17:41.702,03:22:00,202,False
820,6F062,IndiGo,CCU,DEL,2026-04-18 04:55:41.701,2026-04-18 06:22:41.701,01:27:00,87,False
821,UK011,Vistara,CCU,DEL,2026-04-18 04:41:41.701,2026-04-18 06:25:41.701,01:44:00,104,False
822,6F100,IndiGo,BOM,BLR,2026-04-18 04:40:41.702,2026-04-18 07:49:41.702,03:09:00,189,False
823,6F228,IndiGo,HYD,MAA,2026-04-18 04:36:41.704,2026-04-18 09:27:41.704,04:51:00,291,False
824,UK033,Vistara,HYD,DEL,2026-04-18 04:34:41.701,2026-04-18 09:18:41.701,04:44:00,284,False
825,SJ231,SpiceJet,DEL,BLR,2026-04-18 04:23:41.704,2026-04-18 05:48:41.704,01:25:00,85,False
826,AI166,Air India,BOM,CCU,2026-04-18 04:20:41.703,2026-04-18 07:23:41.703,03:03:00,183,False
827,SJ176,SpiceJet,DEL,BOM,2026-04-18 04:15:41.703,2026-04-18 06:17:41.703,02:02:00,122,False
828,SJ065,SpiceJet,MAA,BLR,2026-04-18 04:10:41.701,2026-04-18 06:54:41.701,02:44:00,164,False
829,6F160,IndiGo,MAA,BLR,2026-04-18 04:09:41.703,2026-04-18 08:26:41.703,04:17:00,257,False
830,AI089,Air India,CCU,BOM,2026-04-18 04:05:41.702,2026-04-18 04:47:41.702,00:42:00,42,False
831,UK226,Vistara,MAA,HYD,2026-04-18 03:58:41.704,2026-04-18 05:01:41.704,01:03:00,63,False
832,SJ123,SpiceJet,BOM,CCU,2026-04-18 03:57:41.702,2026-04-18 05:25:41.702,01:28:00,88,False
833,AI054,Air India,HYD,CCU,2026-04-18 03:44:41.701,2026-04-18 08:10:41.701,04:26:00,266,False
834,UK019,Vistara,BOM,HYD,2026-04-18 03:41:41.701,2026-04-18 04:35:41.701,00:54:00,54,False
835,UK032,Vistara,BLR,BOM,2026-04-18 03:31:41.701,2026-04-18 07:28:41.701,03:57:00,237,False
836,SJ100,SpiceJet,MAA,BLR,2026-04-18 03:28:41.702,2026-04-18 06:50:41.702,03:22:00,202,False
837,SJ094,SpiceJet,MAA,HYD,2026-04-18 03:23:41.702,2026-04-18 08:07:41.702,04:44:00,284,False
838,6F101,IndiGo,BOM,MAA,2026-04-18 03:18:41.702,2026-04-18 08:15:41.702,04:57:00,297,False
839,6F006,IndiGo,BOM,BLR,2026-04-18 03:06:41.701,2026-04-18 05:06:42.000,02:00:00.299000,120,False
840,AI006,Air India,BOM,BLR,2026-04-18 03:04:41.701,2026-04-18 05:54:41.701,02:50:00,170,False
841,AI195,Air India,CCU,MAA,2026-04-18 02:58:41.703,2026-04-18 04:57:41.703,01:59:00,119,False
842,UK072,Vistara,BOM,BLR,2026-04-18 02:55:41.702,2026-04-18 05:55:42.000,03:00:00.298000,180,False
843,AI244,Air India,BLR,BOM,2026-04-18 02:50:41.704,2026-04-18 03:25:41.704,00:35:00,35,False
844,SJ059,SpiceJet,CCU,DEL,2026-04-18 02:50:41.701,2026-04-18 04:06:41.701,01:16:00,76,False
845,SJ009,SpiceJet,CCU,BLR,2026-04-18 02:48:41.701,2026-04-18 04:23:41.701,01:35:00,95,False
846,AI121,Air India,HYD,MAA,2026-04-18 02:42:41.702,2026-04-18 06:11:41.702,03:29:00,209,False
847,6F265,Indigo,DEL,HYD,2026-04-18 02:27:41.703,2026-04-18 03:24:41.703,00:57:00,57,False
848,6F110,IndiGo,HYD,DEL,2026-04-18 02:27:41.702,2026-04-18 05:48:41.702,03:21:00,201,False
849,UK018,Vistara,BOM,CCU,2026-04-18 02:15:41.701,2026-04-18 04:08:41.701,01:53:00,113,False
850,6F072,IndiGo,BLR,CCU,2026-04-18 02:14:41.702,2026-04-18 03:11:41.702,00:57:00,57,False
851,6F159,IndiGo,CCU,BOM,2026-04-18 02:08:41.703,2026-04-18 02:43:41.703,00:35:00,35,False
852,6F095,IndiGo,BLR,MAA,2026-04-18 01:53:41.702,2026-04-18 05:34:41.702,03:41:00,221,False
853,SJ129,SpiceJet,CCU,BOM,2026-04-18 01:48:41.702,2026-04-18 05:48:41.702,04:00:00,240,False
854,UK039,Vistara,HYD,BOM,2026-04-18 01:40:41.701,2026-04-18 02:53:41.701,01:13:00,73,False
855,6F130,IndiGo,DEL,HYD,2026-04-18 01:27:41.702,2026-04-18 02:45:41.702,01:18:00,78,False
856,6F247,IndiGo,DEL,HYD,2026-04-18 01:27:41.702,2026-04-18 02:45:41.702,01:18:00,78,False
857,SJ233,SpiceJet,DEL,HYD,2026-04-18 01:18:41.704,2026-04-18 02:56:41.704,01:38:00,98,False
858,6F231,IndiGo,HYD,MAA,2026-04-18 01:16:41.704,2026-04-18 05:43:41.704,04:27:00,267,False
859,AI125,Air India,CCU,DEL,2026-04-18 01:12:41.702,2026-04-18 04:51:41.702,03:39:00,219,False
860,6F102,IndiGo,HYD,MAA,2026-04-18 01:10:41.702,2026-04-18 02:24:41.702,01:14:00,74,False
861,UK078,Vistara,BOM,HYD,2026-04-18 01:03:41.702,2026-04-18 04:32:41.702,03:29:00,209,False
862,UK043,Vistara,DEL,HYD,2026-04-18 00:48:41.701,2026-04-18 04:52:41.701,04:04:00,244,False
863,AI144,Air India,MAA,BOM,2026-04-18 00:43:41.702,2026-04-18 03:36:41.702,02:53:00,173,False
864,UK054,Vistara,BLR,BOM,2026-04-18 00:37:41.701,2026-04-18 05:30:41.701,04:53:00,293,False
865,UK108,Vistara,DEL,BLR,2026-04-18 00:28:41.702,2026-04-18 03:46:41.702,03:18:00,198,False
866,6F008,IndiGo,DEL,BOM,2026-04-18 00:14:41.701,2026-04-18 04:59:41.701,04:45:00,285,False
867,6F106,IndiGo,BOM,CCU,2026-04-18 00:10:41.702,2026-04-18 01:52:41.702,01:42:00,102,False
868,AI203,Air India,BOM,CCU,2026-04-18 00:09:41.703,2026-04-18 02:56:41.703,02:47:00,167,False
869,AI065,Air India,MAA,BLR,2026-04-18 00:09:41.701,2026-04-18 05:00:41.701,04:51:00,291,False
870,UK053,Vistara,BLR,BOM,2026-04-17 23:56:41.701,2026-04-18 02:46:41.701,02:50:00,170,True
871,UK086,Vistara,CCU,BLR,2026-04-17 23:55:41.702,2026-04-18 02:27:41.702,02:32:00,152,True
872,SJ223,SpiceJet,HYD,MAA,2026-04-17 23:54:41.703,2026-04-18 01:08:41.703,01:14:00,74,True
873,6F069,IndiGo,MAA,BLR,2026-04-17 23:44:41.701,2026-04-18 03:17:41.701,03:33:00,213,True
874,6F032,IndiGo,DEL,BOM,2026-04-17 23:43:41.701,2026-04-18 02:22:41.701,02:39:00,159,True
875,UK178,Vistara,DEL,BLR,2026-04-17 23:41:41.703,2026-04-18 04:09:41.703,04:28:00,268,True
876,6F108,IndiGo,DEL,HYD,2026-04-17 23:41:41.702,2026-04-18 03:23:41.702,03:42:00,222,True
877,UK147,Vistara,CCU,DEL,2026-04-17 23:35:41.703,2026-04-18 02:55:41.703,03:20:00,200,True
878,AI187,Air India,BLR,HYD,2026-04-17 23:32:41.703,2026-04-18 01:16:41.703,01:44:00,104,True
879,UK213,Vistara,BOM,CCU,2026-04-17 23:21:41.704,2026-04-18 01:01:41.704,01:40:00,100,True
880,AI035,Air India,DEL,MAA,2026-04-17 23:17:41.701,2026-04-18 00:48:41.701,01:31:00,91,True
881,UK186,Vistara,BOM,BLR,2026-04-17 23:05:41.703,2026-04-18 02:22:41.703,03:17:00,197,True
882,6F045,IndiGo,BOM,HYD,2026-04-17 23:04:41.701,2026-04-18 03:38:41.701,04:34:00,274,True
883,UK025,Vistara,DEL,BOM,2026-04-17 22:55:41.701,2026-04-18 02:47:41.701,03:52:00,232,True
884,UK162,Vistara,BOM,CCU,2026-04-17 22:47:41.703,2026-04-18 00:21:41.703,01:34:00,94,True
885,AI157,Air India,BLR,CCU,2026-04-17 22:45:41.703,2026-04-18 01:33:41.703,02:48:00,168,True
886,6F096,IndiGo,MAA,BLR,2026-04-17 22:45:41.702,2026-04-18 02:58:41.702,04:13:00,253,True
887,SJ229,SpiceJet,CCU,DEL,2026-04-17 22:25:41.704,2026-04-18 00:27:41.704,02:02:00,122,True
888,AI214,Air India,CCU,DEL,2026-04-17 22:23:41.703,2026-04-18 02:49:41.703,04:26:00,266,True
889,6F205,IndiGo,HYD,BOM,2026-04-17 22:16:41.703,2026-04-18 00:02:41.703,01:46:00,106,True
890,SJ157,SpiceJet,DEL,HYD,2026-04-17 22:11:41.703,2026-04-18 01:05:41.703,02:54:00,174,True
891,UK114,Vistara,HYD,CCU,2026-04-17 22:10:41.702,2026-04-17 23:58:41.702,01:48:00,108,False
892,6F054,IndiGo,HYD,BLR,2026-04-17 22:00:41.701,2026-04-18 01:25:41.701,03:25:00,205,True
893,6F216,IndiGo,BLR,DEL,2026-04-17 21:58:41.704,2026-04-18 02:51:41.704,04:53:00,293,True
894,AI231,Air India,DEL,HYD,2026-04-17 21:52:41.704,2026-04-17 23:51:41.704,01:59:00,119,False
895,UK103,Vistara,MAA,DEL,2026-04-17 21:52:41.702,2026-04-18 01:06:41.702,03:14:00,194,True
896,AI066,Air India,HYD,MAA,2026-04-17 21:51:41.701,2026-04-18 00:11:41.701,02:20:00,140,True
897,6F186,IndiGo,HYD,BOM,2026-04-17 21:48:41.703,2026-04-18 02:02:41.703,04:14:00,254,True
898,AI021,Air India,DEL,HYD,2026-04-17 21:39:41.701,2026-04-18 01:38:41.701,03:59:00,239,True
899,AI113,Air India,CCU,HYD,2026-04-17 21:21:41.702,2026-04-17 23:51:41.702,02:30:00,150,False
900,SJ031,SpiceJet,DEL,BOM,2026-04-17 21:20:41.701,2026-04-17 22:29:41.701,01:09:00,69,False
901,UK217,Vistara,MAA,CCU,2026-04-17 21:19:41.704,2026-04-17 22:14:41.704,00:55:00,55,False
902,SJ120,SpiceJet,MAA,BLR,2026-04-17 21:19:41.702,2026-04-18 00:56:41.702,03:37:00,217,True
903,UK180,Vistara,CCU,MAA,2026-04-17 21:18:41.703,2026-04-17 23:29:41.703,02:11:00,131,False
904,6F242,IndiGo,BLR,MAA,2026-04-17 21:10:41.704,2026-04-18 01:04:41.704,03:54:00,234,True
905,UK080,Vistara,BLR,MAA,2026-04-17 21:09:41.702,2026-04-17 22:29:41.702,01:20:00,80,False
906,SJ124,SpiceJet,HYD,DEL,2026-04-17 21:05:41.702,2026-04-18 01:12:41.702,04:07:00,247,True
907,SJ115,SpiceJet,BOM,HYD,2026-04-17 21:05:41.702,2026-04-17 23:10:41.702,02:05:00,125,False
908,AI081,Air India,CCU,BOM,2026-04-17 21:03:41.702,2026-04-17 22:51:41.702,01:48:00,108,False
909,AI142,Air India,BOM,DEL,2026-04-17 20:49:41.702,2026-04-17 23:03:41.702,02:14:00,134,False
910,UK052,Vistara,BLR,CCU,2026-04-17 20:48:41.701,2026-04-17 21:40:41.701,00:52:00,52,False
911,UK014,Vistara,HYD,MAA,2026-04-17 20:41:41.701,2026-04-17 22:06:41.701,01:25:00,85,False
912,AI230,Air India,CCU,BLR,2026-04-17 20:37:41.704,2026-04-18 00:22:41.704,03:45:00,225,True
913,6F268,Indigo,DEL,MAA,2026-04-17 20:29:41.701,2026-04-17 21:58:41.701,01:29:00,89,False
914,AI124,Air India,CCU,HYD,2026-04-17 20:28:41.702,2026-04-18 00:00:41.702,03:32:00,212,True
915,6F082,IndiGo,BOM,BLR,2026-04-17 20:26:41.702,2026-04-17 22:26:41.702,02:00:00,120,False
916,SJ035,SpiceJet,CCU,DEL,2026-04-17 20:15:41.701,2026-04-17 21:15:42.000,01:00:00.299000,60,False
917,SJ095,SpiceJet,DEL,MAA,2026-04-17 20:09:41.702,2026-04-17 23:13:41.702,03:04:00,184,False
918,UK230,Vistara,BLR,BOM,2026-04-17 20:02:41.704,2026-04-17 21:35:41.704,01:33:00,93,False
919,UK171,Vistara,HYD,CCU,2026-04-17 19:59:41.703,2026-04-17 22:53:41.703,02:54:00,174,False
920,6F147,IndiGo,HYD,MAA,2026-04-17 19:57:41.703,2026-04-18 00:31:41.703,04:34:00,274,True
921,SJ212,UNKNOWN,MAA,BLR,2026-04-17 19:49:41.703,2026-04-17 21:44:41.703,01:55:00,115,False
922,6F080,IndiGo,HYD,MAA,2026-04-17 19:47:41.702,2026-04-17 23:13:41.702,03:26:00,206,False
923,UK049,Vistara,HYD,BOM,2026-04-17 19:47:41.701,2026-04-17 20:32:41.701,00:45:00,45,False
924,AI152,Air India,BLR,CCU,2026-04-17 19:21:41.703,2026-04-17 20:26:41.703,01:05:00,65,False
925,AI162,Air India,MAA,DEL,2026-04-17 19:20:41.703,2026-04-17 22:40:41.703,03:20:00,200,False
926,SJ037,SpiceJet,BLR,BOM,2026-04-17 19:14:41.701,2026-04-17 22:31:41.701,03:17:00,197,False
927,AI172,Air India,BOM,CCU,2026-04-17 19:08:41.703,2026-04-17 19:53:41.703,00:45:00,45,False
928,UK205,Vistara,HYD,MAA,2026-04-17 18:57:41.703,2026-04-17 21:46:41.703,02:49:00,169,False
929,AI199,Air India,HYD,DEL,2026-04-17 18:47:41.703,2026-04-17 22:26:41.703,03:39:00,219,False
930,6F241,IndiGo,DEL,HYD,2026-04-17 18:27:41.704,2026-04-17 19:02:41.704,00:35:00,35,False
931,SJ041,SpiceJet,CCU,HYD,2026-04-17 18:24:41.701,2026-04-17 22:59:41.701,04:35:00,275,False
932,AI064,Air India,BLR,MAA,2026-04-17 18:24:41.701,2026-04-17 20:07:41.701,01:43:00,103,False
933,UK169,Vistara,HYD,DEL,2026-04-17 18:12:41.703,2026-04-17 23:01:41.703,04:49:00,289,False
934,UK144,Vistara,BOM,CCU,2026-04-17 18:07:41.703,2026-04-17 20:59:41.703,02:52:00,172,False
935,AI118,Air India,HYD,MAA,2026-04-17 17:50:41.702,2026-04-17 19:59:41.702,02:09:00,129,False
936,SJ145,SpiceJet,BLR,HYD,2026-04-17 17:41:41.702,2026-04-17 20:38:41.702,02:57:00,177,False
937,SJ077,SpiceJet,BLR,MAA,2026-04-17 17:32:41.701,2026-04-17 19:40:41.701,02:08:00,128,False
938,AI126,Air India,MAA,HYD,2026-04-17 17:26:41.702,2026-04-17 20:48:41.702,03:22:00,202,False
939,SJ033,SpiceJet,HYD,DEL,2026-04-17 17:26:41.701,2026-04-17 18:51:41.701,01:25:00,85,False
940,SJ180,SpiceJet,HYD,CCU,2026-04-17 17:12:41.703,2026-04-17 22:00:41.703,04:48:00,288,False
941,6F183,IndiGo,MAA,HYD,2026-04-17 17:08:41.703,2026-04-17 19:52:41.703,02:44:00,164,False
942,AI145,Air India,DEL,BOM,2026-04-17 17:06:41.702,2026-04-17 21:31:41.702,04:25:00,265,False
943,6F089,IndiGo,DEL,HYD,2026-04-17 17:06:41.702,2026-04-17 19:10:41.702,02:04:00,124,False
944,6F207,IndiGo,BOM,HYD,2026-04-17 16:59:41.703,2026-04-17 21:00:41.703,04:01:00,241,False
945,AI229,Air India,HYD,MAA,2026-04-17 16:48:41.703,2026-04-17 18:40:41.703,01:52:00,112,False
946,6F223,IndiGo,MAA,BLR,2026-04-17 16:47:41.704,2026-04-17 17:21:41.704,00:34:00,34,False
947,6F116,IndiGo,MAA,CCU,2026-04-17 16:43:41.702,2026-04-17 19:02:41.702,02:19:00,139,False
948,SJ240,SpiceJet,BOM,HYD,2026-04-17 16:42:41.704,2026-04-17 20:21:41.704,03:39:00,219,False
949,SJ184,SpiceJet,CCU,DEL,2026-04-17 16:32:41.703,2026-04-17 21:00:41.703,04:28:00,268,False
950,AI087,Air India,MAA,DEL,2026-04-17 16:32:41.702,2026-04-17 20:30:41.702,03:58:00,238,False
951,UK148,Vistara,HYD,BOM,2026-04-17 16:31:41.703,2026-04-17 18:43:41.703,02:12:00,132,False
952,AI210,Air India,BLR,BOM,2026-04-17 16:13:41.703,2026-04-17 18:50:41.703,02:37:00,157,False
953,6F093,IndiGo,CCU,DEL,2026-04-17 16:09:41.702,2026-04-17 20:00:41.702,03:51:00,231,False
954,SJ080,SpiceJet,CCU,MAA,2026-04-17 16:04:41.702,2026-04-17 17:59:41.702,01:55:00,115,False
955,SJ005,SpiceJet,DEL,MAA,2026-04-17 16:03:41.701,2026-04-17 17:24:41.701,01:21:00,81,False
956,6F040,IndiGo,HYD,CCU,2026-04-17 15:52:41.701,2026-04-17 20:33:41.701,04:41:00,281,False
957,AI212,Air India,DEL,CCU,2026-04-17 15:31:41.703,2026-04-17 20:13:41.703,04:42:00,282,False
958,AI154,Air India,HYD,MAA,2026-04-17 15:25:41.703,2026-04-17 19:16:41.703,03:51:00,231,False
959,6F239,IndiGo,CCU,BOM,2026-04-17 15:24:41.704,2026-04-17 17:37:41.704,02:13:00,133,False
960,UK199,Vistara,BOM,CCU,2026-04-17 15:24:41.703,2026-04-17 18:55:41.703,03:31:00,211,False
961,6F218,IndiGo,BLR,BOM,2026-04-17 15:16:41.704,2026-04-17 19:03:41.704,03:47:00,227,False
962,6F011,IndiGo,MAA,BLR,2026-04-17 15:16:41.701,2026-04-17 17:16:42.000,02:00:00.299000,120,False
963,UK106,Vistara,BOM,CCU,2026-04-17 15:12:41.702,2026-04-17 17:23:41.702,02:11:00,131,False
964,UK030,Vistara,CCU,DEL,2026-04-17 15:11:41.701,2026-04-17 19:38:41.701,04:27:00,267,False
965,6F090,IndiGo,HYD,BLR,2026-04-17 15:10:41.702,2026-04-17 19:22:41.702,04:12:00,252,False
966,AI184,Air India,BOM,CCU,2026-04-17 15:03:41.703,2026-04-17 17:03:42.000,02:00:00.297000,120,False
967,SJ232,SpiceJet,MAA,BLR,2026-04-17 15:02:41.704,2026-04-17 19:22:41.704,04:20:00,260,False
968,AI153,Air India,BOM,CCU,2026-04-17 15:02:41.703,2026-04-17 16:30:41.703,01:28:00,88,False
969,UK101,Vistara,DEL,HYD,2026-04-17 15:00:41.702,2026-04-17 17:43:41.702,02:43:00,163,False
970,6F200,IndiGo,HYD,DEL,2026-04-17 14:54:41.703,2026-04-17 19:41:41.703,04:47:00,287,False
971,6F162,IndiGo,CCU,BOM,2026-04-17 14:50:41.703,2026-04-17 17:44:41.703,02:54:00,174,False
972,SJ197,SpiceJet,HYD,BLR,2026-04-17 14:49:41.703,2026-04-17 17:33:41.703,02:44:00,164,False
973,AI174,Air India,DEL,CCU,2026-04-17 14:45:41.703,2026-04-17 17:01:41.703,02:16:00,136,False
974,UK090,Vistara,HYD,MAA,2026-04-17 14:44:41.702,2026-04-17 17:24:41.702,02:40:00,160,False
975,UK124,Vistara,MAA,BLR,2026-04-17 14:35:41.702,2026-04-17 17:09:41.702,02:34:00,154,False
976,AI239,Air India,BOM,HYD,2026-04-17 14:33:41.704,2026-04-17 17:47:41.704,03:14:00,194,False
977,UK002,Vistara,CCU,MAA,2026-04-17 14:28:41.700,2026-04-17 19:20:41.700,04:52:00,292,False
978,SJ055,SpiceJet,HYD,MAA,2026-04-17 14:17:41.701,2026-04-17 17:56:41.701,03:39:00,219,False
979,UK132,Vistara,BOM,DEL,2026-04-17 14:12:41.702,2026-04-17 16:19:41.702,02:07:00,127,False
980,6F002,IndiGo,BLR,MAA,2026-04-17 14:11:41.700,2026-04-17 17:34:41.700,03:23:00,203,False
981,UK005,Vistara,BOM,MAA,2026-04-17 14:02:41.701,2026-04-17 18:14:41.701,04:12:00,252,False
982,6F258,UNKNOWN,BOM,DEL,2026-04-17 13:54:41.703,2026-04-17 16:49:41.703,02:55:00,175,False
983,SJ244,SpiceJet,BLR,DEL,2026-04-17 13:51:41.704,2026-04-17 15:39:41.704,01:48:00,108,False
984,AI075,Air India,CCU,DEL,2026-04-17 13:51:41.702,2026-04-17 16:49:41.702,02:58:00,178,False
985,AI160,Air India,MAA,DEL,2026-04-17 13:41:41.703,2026-04-17 17:01:41.703,03:20:00,200,False
986,UK091,Vistara,CCU,BOM,2026-04-17 13:37:41.702,2026-04-17 17:31:41.702,03:54:00,234,False
987,UK195,Vistara,HYD,BOM,2026-04-17 13:35:41.703,2026-04-17 16:35:41.703,03:00:00,180,False
988,6F044,IndiGo,DEL,HYD,2026-04-17 13:25:41.701,2026-04-17 17:36:41.701,04:11:00,251,False
989,6F248,IndiGo,DEL,HYD,2026-04-17 13:25:41.701,2026-04-17 17:36:41.701,04:11:00,251,False
990,6F204,IndiGo,DEL,CCU,2026-04-17 13:23:41.703,2026-04-17 16:04:41.703,02:41:00,161,False
991,SJ092,SpiceJet,BLR,MAA,2026-04-17 13:19:41.702,2026-04-17 17:56:41.702,04:37:00,277,False
992,AI119,Air India,MAA,BLR,2026-04-17 13:15:41.702,2026-04-17 15:57:41.702,02:42:00,162,False
993,AI151,Air India,MAA,HYD,2026-04-17 13:14:41.703,2026-04-17 14:10:41.703,00:56:00,56,False
994,UK107,Vistara,HYD,BOM,2026-04-17 13:09:41.702,2026-04-17 14:25:41.702,01:16:00,76,False
995,SJ019,SpiceJet,BLR,DEL,2026-04-17 13:07:41.701,2026-04-17 15:56:41.701,02:49:00,169,False
996,AI052,Air India,CCU,MAA,2026-04-17 13:06:41.701,2026-04-17 15:42:41.701,02:36:00,156,False
997,SJ177,SpiceJet,BOM,CCU,2026-04-17 13:04:41.703,2026-04-17 17:37:41.703,04:33:00,273,False
998,6F215,IndiGo,DEL,BLR,2026-04-17 13:00:41.703,2026-04-17 17:30:41.703,04:30:00,270,False
999,AI223,Air India,BOM,CCU,2026-04-17 12:53:41.703,2026-04-17 14:42:41.703,01:49:00,109,False
1000,SJ069,SpiceJet,HYD,BLR,2026-04-17 12:53:41.701,2026-04-17 14:17:41.701,01:24:00,84,False
1001,6F198,IndiGo,HYD,BLR,2026-04-17 12:40:41.703,2026-04-17 17:39:41.703,04:59:00,299,False
1002,AI093,Air India,BOM,BLR,2026-04-17 12:35:41.702,2026-04-17 17:28:41.702,04:53:00,293,False
1003,UK062,Vistara,HYD,DEL,2026-04-17 12:33:41.701,2026-04-17 15:35:41.701,03:02:00,182,False
1004,6F057,IndiGo,MAA,DEL,2026-04-17 12:32:41.701,2026-04-17 15:50:41.701,03:18:00,198,False
1005,UK064,Vistara,BOM,DEL,2026-04-17 12:25:41.701,2026-04-17 14:55:41.701,02:30:00,150,False
